"name","weekday","income"
Abraham Bennet,Monday   ,14425997.1700
Abraham Bennet,Monday   ,13428763.3100
Abraham Bennet,Monday   ,15203984.4600
Abraham Bennet,Monday   ,15735722.4600
Abraham Bennet,Monday   ,13485559.0500
Abraham Bennet,Monday   ,9932043.0500
Abraham Bennet,Monday   ,13644722.4300
Abraham Bennet,Monday   ,20349447.3200
Abraham Bennet,Monday   ,19081230.5200
Abraham Bennet,Monday   ,19671740.0800
Abraham Bennet,Monday   ,16509282.7600
Abraham Bennet,Monday   ,16384163.1400
Abraham Bennet,Monday   ,19687184.0600
Abraham Bennet,Monday   ,10012033.4000
Abraham Bennet,Monday   ,14293368.1300
Albert Ringer,Monday   ,31220301.5100
Albert Ringer,Monday   ,14698449.2100
Albert Ringer,Monday   ,21975271.5200
Albert Ringer,Monday   ,19939383.1200
Albert Ringer,Monday   ,39988013.8800
Albert Ringer,Monday   ,29268566.3100
Albert Ringer,Monday   ,22041143.4300
Albert Ringer,Monday   ,26993333.4100
Albert Ringer,Monday   ,28254710.7300
Albert Ringer,Monday   ,21742840.8600
Albert Ringer,Monday   ,29910071.6600
Albert Ringer,Monday   ,28015437.6300
Albert Ringer,Monday   ,26778061.4300
Albert Ringer,Monday   ,26095767.3300
Albert Ringer,Monday   ,25456685.8300
Ann Dull,Monday   ,3073179.2000
Ann Dull,Monday   ,2322181.4200
Ann Dull,Monday   ,2810496.9500
Ann Dull,Monday   ,2168865.4700
Ann Dull,Monday   ,2326924.0100
Ann Dull,Monday   ,2954301.2500
Ann Dull,Monday   ,2794084.6200
Ann Dull,Monday   ,2465335.0900
Ann Dull,Monday   ,2272865.0200
Ann Dull,Monday   ,3057364.5600
Ann Dull,Monday   ,2712202.7000
Ann Dull,Monday   ,3271042.4900
Ann Dull,Monday   ,2487167.1100
Ann Dull,Monday   ,2251059.4700
Ann Dull,Monday   ,2689772.9900
Anne Ringer,Monday   ,4081531.4000
Anne Ringer,Monday   ,4118218.8000
Anne Ringer,Monday   ,4038575.6000
Anne Ringer,Monday   ,2907899.8000
Anne Ringer,Monday   ,3958932.4000
Anne Ringer,Monday   ,4602346.4000
Anne Ringer,Monday   ,3677047.0000
Anne Ringer,Monday   ,1936510.4000
Anne Ringer,Monday   ,3392027.4000
Anne Ringer,Monday   ,2947721.4000
Anne Ringer,Monday   ,3879289.2000
Anne Ringer,Monday   ,3836333.4000
Anne Ringer,Monday   ,4121353.0000
Anne Ringer,Monday   ,3024230.4000
Anne Ringer,Monday   ,2864944.0000
Burt Gringlesby,Monday   ,9467535.2000
Burt Gringlesby,Monday   ,9162957.6000
Burt Gringlesby,Monday   ,7105494.4000
Burt Gringlesby,Monday   ,6562936.8000
Burt Gringlesby,Monday   ,6421035.2000
Burt Gringlesby,Monday   ,8707672.0000
Burt Gringlesby,Monday   ,8893348.8000
Burt Gringlesby,Monday   ,7760651.2000
Burt Gringlesby,Monday   ,8111965.6000
Burt Gringlesby,Monday   ,9219624.8000
Burt Gringlesby,Monday   ,7370839.2000
Burt Gringlesby,Monday   ,7296737.6000
Burt Gringlesby,Monday   ,5394803.2000
Burt Gringlesby,Monday   ,7904312.0000
Burt Gringlesby,Monday   ,9049901.6000
Charlene Locksley,Monday   ,6548345.0400
Charlene Locksley,Monday   ,6601376.7900
Charlene Locksley,Monday   ,7851997.3500
Charlene Locksley,Monday   ,9729581.2200
Charlene Locksley,Monday   ,5268914.6100
Charlene Locksley,Monday   ,7367556.0600
Charlene Locksley,Monday   ,6501939.7200
Charlene Locksley,Monday   ,8144955.7500
Charlene Locksley,Monday   ,9104145.2400
Charlene Locksley,Monday   ,5946108.7200
Charlene Locksley,Monday   ,8572282.4100
Charlene Locksley,Monday   ,5128936.1400
Charlene Locksley,Monday   ,6782150.3700
Charlene Locksley,Monday   ,6596277.6900
Charlene Locksley,Monday   ,8306095.4400
Cheryl Carson,Monday   ,4910539.7400
Cheryl Carson,Monday   ,6205077.9600
Cheryl Carson,Monday   ,5315087.2400
Cheryl Carson,Monday   ,5389890.9800
Cheryl Carson,Monday   ,6333900.0200
Cheryl Carson,Monday   ,3670322.9800
Cheryl Carson,Monday   ,4424715.8800
Cheryl Carson,Monday   ,4821726.3400
Cheryl Carson,Monday   ,4146286.3400
Cheryl Carson,Monday   ,4407318.3400
Cheryl Carson,Monday   ,6205839.2400
Cheryl Carson,Monday   ,6044545.5600
Cheryl Carson,Monday   ,5936889.5600
Cheryl Carson,Monday   ,7613744.8000
Cheryl Carson,Monday   ,2551771.8800
Dean Straight,Monday   ,13754796.3000
Dean Straight,Monday   ,13807973.1600
Dean Straight,Monday   ,10419113.2800
Dean Straight,Monday   ,11456382.3400
Dean Straight,Monday   ,11365372.4800
Dean Straight,Monday   ,13881006.6000
Dean Straight,Monday   ,10724538.2000
Dean Straight,Monday   ,12737556.3600
Dean Straight,Monday   ,11905938.7400
Dean Straight,Monday   ,12918838.7200
Dean Straight,Monday   ,17417197.9400
Dean Straight,Monday   ,14515865.6600
Dean Straight,Monday   ,10529994.0600
Dean Straight,Monday   ,11789376.3200
Dean Straight,Monday   ,15326226.9600
Dirk Stringer,Monday   ,28472687.1000
Dirk Stringer,Monday   ,41481940.5000
Dirk Stringer,Monday   ,55968991.6500
Dirk Stringer,Monday   ,67051927.8000
Dirk Stringer,Monday   ,63199293.3000
Dirk Stringer,Monday   ,49688624.7000
Dirk Stringer,Monday   ,52340616.9000
Dirk Stringer,Monday   ,56193251.4000
Dirk Stringer,Monday   ,53066291.8500
Dirk Stringer,Monday   ,48962949.7500
Dirk Stringer,Monday   ,48013015.0500
Dirk Stringer,Monday   ,47511599.8500
Dirk Stringer,Monday   ,51139974.6000
Dirk Stringer,Monday   ,43909672.9500
Heather McBadden,Monday   ,24681656.1500
Heather McBadden,Monday   ,19190861.0600
Heather McBadden,Monday   ,20404419.0900
Heather McBadden,Monday   ,26181677.1500
Heather McBadden,Monday   ,19061597.1500
Heather McBadden,Monday   ,16826626.0300
Heather McBadden,Monday   ,15069896.1500
Heather McBadden,Monday   ,15195961.3000
Heather McBadden,Monday   ,19216564.1200
Heather McBadden,Monday   ,22684005.0900
Heather McBadden,Monday   ,15182089.2100
Heather McBadden,Monday   ,18314124.0900
Heather McBadden,Monday   ,18991189.2100
Heather McBadden,Monday   ,20906735.2400
Heather McBadden,Monday   ,21107242.0300
Innes del Castillo,Monday   ,14394907.4100
Innes del Castillo,Monday   ,22978404.6000
Innes del Castillo,Monday   ,14938619.6700
Innes del Castillo,Monday   ,12217773.1500
Innes del Castillo,Monday   ,16247973.0000
Innes del Castillo,Monday   ,16573013.7600
Innes del Castillo,Monday   ,22771157.5800
Innes del Castillo,Monday   ,21642313.9500
Innes del Castillo,Monday   ,14654025.9300
Innes del Castillo,Monday   ,24093248.5200
Innes del Castillo,Monday   ,15160207.4400
Innes del Castillo,Monday   ,16339660.4700
Innes del Castillo,Monday   ,16716282.7200
Innes del Castillo,Monday   ,11386550.8800
Innes del Castillo,Monday   ,20878617.0600
Johnson White,Monday   ,9958600.9250
Johnson White,Monday   ,5324180.0350
Johnson White,Monday   ,4847862.8450
Johnson White,Monday   ,8465660.5650
Johnson White,Monday   ,5077972.4550
Johnson White,Monday   ,4928814.1250
Johnson White,Monday   ,5120362.2800
Johnson White,Monday   ,7753645.2800
Johnson White,Monday   ,8032192.4350
Johnson White,Monday   ,6627160.6350
Johnson White,Monday   ,4546079.1250
Johnson White,Monday   ,6093414.8100
Johnson White,Monday   ,7521541.1000
Johnson White,Monday   ,7958762.3700
Johnson White,Monday   ,6304532.8550
Livia Karsen,Monday   ,10245074.7100
Livia Karsen,Monday   ,9762472.0300
Livia Karsen,Monday   ,5111410.8400
Livia Karsen,Monday   ,8169650.6100
Livia Karsen,Monday   ,5015992.8400
Livia Karsen,Monday   ,8928954.3200
Livia Karsen,Monday   ,8340331.6400
Livia Karsen,Monday   ,10475774.0500
Livia Karsen,Monday   ,7392736.5900
Livia Karsen,Monday   ,8897148.3200
Livia Karsen,Monday   ,7921340.9600
Livia Karsen,Monday   ,10759483.3900
Livia Karsen,Monday   ,8981964.3200
Livia Karsen,Monday   ,12139215.7800
Marjorie Green,Monday   ,4951882.4500
Marjorie Green,Monday   ,7173264.1500
Marjorie Green,Monday   ,8698511.0000
Marjorie Green,Monday   ,8197952.5500
Marjorie Green,Monday   ,4964446.4500
Marjorie Green,Monday   ,4090526.0500
Marjorie Green,Monday   ,6826253.6500
Marjorie Green,Monday   ,6401745.3000
Marjorie Green,Monday   ,8274560.0000
Marjorie Green,Monday   ,8467689.5000
Marjorie Green,Monday   ,4925531.0000
Marjorie Green,Monday   ,8020500.0500
Marjorie Green,Monday   ,5207831.9500
Marjorie Green,Monday   ,5913417.8000
Marjorie Green,Monday   ,5425756.4000
Meander Smith,Monday   ,5052091.0800
Meander Smith,Monday   ,3222213.6000
Meander Smith,Monday   ,3008917.4700
Meander Smith,Monday   ,3616472.2800
Meander Smith,Monday   ,2317786.1400
Meander Smith,Monday   ,2977202.6700
Meander Smith,Monday   ,3764225.6100
Meander Smith,Monday   ,5102458.3800
Meander Smith,Monday   ,4049530.3800
Meander Smith,Monday   ,3698554.3800
Meander Smith,Monday   ,2317038.9300
Meander Smith,Monday   ,3092493.9900
Meander Smith,Monday   ,3955133.1900
Meander Smith,Monday   ,3327431.4600
Meander Smith,Monday   ,2658688.6800
Michael O'Leary,Monday   ,8744908.3000
Michael O'Leary,Monday   ,13891102.0800
Michael O'Leary,Monday   ,5347696.1800
Michael O'Leary,Monday   ,14761013.3100
Michael O'Leary,Monday   ,4459466.5500
Michael O'Leary,Monday   ,10493889.9600
Michael O'Leary,Monday   ,6977608.2400
Michael O'Leary,Monday   ,10457253.1600
Michael O'Leary,Monday   ,7939111.4700
Michael O'Leary,Monday   ,7032563.4400
Michael O'Leary,Monday   ,11290527.5900
Michael O'Leary,Monday   ,7911633.8700
Michael O'Leary,Monday   ,7014245.0400
Michael O'Leary,Monday   ,11336323.5900
Michael O'Leary,Monday   ,10438934.7600
Michel DeFrance,Monday   ,34307509.6200
Michel DeFrance,Monday   ,25893363.9800
Michel DeFrance,Monday   ,27148171.6900
Michel DeFrance,Monday   ,33563215.0600
Michel DeFrance,Monday   ,31028511.8100
Michel DeFrance,Monday   ,40864914.3300
Michel DeFrance,Monday   ,32040606.8600
Michel DeFrance,Monday   ,35118311.1200
Michel DeFrance,Monday   ,28143344.5500
Michel DeFrance,Monday   ,37327638.1900
Michel DeFrance,Monday   ,30410247.3100
Michel DeFrance,Monday   ,38697597.2800
Michel DeFrance,Monday   ,29515425.7700
Michel DeFrance,Monday   ,33312336.7600
Michel DeFrance,Monday   ,22213726.5000
Morningstar Greene,Monday   ,3690978.5200
Morningstar Greene,Monday   ,3133828.4600
Morningstar Greene,Monday   ,7024879.2700
Morningstar Greene,Monday   ,2823175.6600
Morningstar Greene,Monday   ,3496641.8900
Morningstar Greene,Monday   ,4072755.1500
Morningstar Greene,Monday   ,4132231.3200
Morningstar Greene,Monday   ,4449411.1500
Morningstar Greene,Monday   ,4313995.1500
Morningstar Greene,Monday   ,6364982.6400
Morningstar Greene,Monday   ,4546062.3500
Morningstar Greene,Monday   ,3929336.9200
Morningstar Greene,Monday   ,4975161.5500
Morningstar Greene,Monday   ,5105010.1800
Morningstar Greene,Monday   ,5322840.5800
Reginald Blotchet-Halls,Monday   ,7741722.4000
Reginald Blotchet-Halls,Monday   ,8353894.4000
Reginald Blotchet-Halls,Monday   ,9520827.2000
Reginald Blotchet-Halls,Monday   ,5380443.2000
Reginald Blotchet-Halls,Monday   ,5535762.4000
Reginald Blotchet-Halls,Monday   ,7168700.8000
Reginald Blotchet-Halls,Monday   ,7578564.8000
Reginald Blotchet-Halls,Monday   ,7891832.0000
Reginald Blotchet-Halls,Monday   ,5755058.4000
Reginald Blotchet-Halls,Monday   ,5372604.8000
Reginald Blotchet-Halls,Monday   ,7530268.0000
Reginald Blotchet-Halls,Monday   ,9223236.8000
Reginald Blotchet-Halls,Monday   ,5196399.2000
Reginald Blotchet-Halls,Monday   ,5952153.6000
Reginald Blotchet-Halls,Monday   ,4977103.2000
Sheryl Hunter,Monday   ,9821701.6700
Sheryl Hunter,Monday   ,10293773.5800
Sheryl Hunter,Monday   ,11731155.2000
Sheryl Hunter,Monday   ,11937365.4900
Sheryl Hunter,Monday   ,9684896.8600
Sheryl Hunter,Monday   ,8732949.7200
Sheryl Hunter,Monday   ,7468907.5200
Sheryl Hunter,Monday   ,9359145.9900
Sheryl Hunter,Monday   ,9615491.3800
Sheryl Hunter,Monday   ,10956449.1400
Sheryl Hunter,Monday   ,11212849.8500
Sheryl Hunter,Monday   ,10457358.8500
Sheryl Hunter,Monday   ,10916068.1900
Sheryl Hunter,Monday   ,9964121.0500
Sheryl Hunter,Monday   ,11149296.8600
Stearns MacFeather,Monday   ,2528071.0000
Stearns MacFeather,Monday   ,2251524.4900
Stearns MacFeather,Monday   ,2399234.7800
Stearns MacFeather,Monday   ,1362307.4700
Stearns MacFeather,Monday   ,1513020.5400
Stearns MacFeather,Monday   ,1580570.4600
Stearns MacFeather,Monday   ,1115653.9400
Stearns MacFeather,Monday   ,1519061.3000
Stearns MacFeather,Monday   ,2233034.8400
Stearns MacFeather,Monday   ,2338365.4100
Stearns MacFeather,Monday   ,2326797.3200
Stearns MacFeather,Monday   ,2290807.5800
Stearns MacFeather,Monday   ,2083493.1400
Stearns MacFeather,Monday   ,2109030.1600
Stearns MacFeather,Monday   ,3127303.6100
Sylvia Panteley,Monday   ,5845454.2000
Sylvia Panteley,Monday   ,4866520.8000
Sylvia Panteley,Monday   ,6449353.1000
Sylvia Panteley,Monday   ,4379731.5000
Sylvia Panteley,Monday   ,5106776.3000
Sylvia Panteley,Monday   ,8247923.3000
Sylvia Panteley,Monday   ,6799900.9000
Sylvia Panteley,Monday   ,3237036.9000
Sylvia Panteley,Monday   ,6689100.5000
Sylvia Panteley,Monday   ,7928405.4000
Sylvia Panteley,Monday   ,8072050.6000
Sylvia Panteley,Monday   ,6645990.0000
Sylvia Panteley,Monday   ,6168513.2000
Sylvia Panteley,Monday   ,8888208.1000
Sylvia Panteley,Monday   ,7074462.5000
Abraham Bennet,Tuesday  ,14224105.1100
Abraham Bennet,Tuesday  ,17427710.6200
Abraham Bennet,Tuesday  ,16131139.0800
Abraham Bennet,Tuesday  ,20029446.9000
Abraham Bennet,Tuesday  ,16460956.6300
Abraham Bennet,Tuesday  ,23784730.4300
Abraham Bennet,Tuesday  ,16499639.7300
Abraham Bennet,Tuesday  ,16603819.1500
Abraham Bennet,Tuesday  ,18199024.1300
Abraham Bennet,Tuesday  ,16995968.8100
Abraham Bennet,Tuesday  ,13162307.1600
Abraham Bennet,Tuesday  ,18919714.5900
Abraham Bennet,Tuesday  ,16748059.4400
Abraham Bennet,Tuesday  ,21607321.2700
Abraham Bennet,Tuesday  ,12264088.9500
Albert Ringer,Tuesday  ,30275814.7100
Albert Ringer,Tuesday  ,33919124.9400
Albert Ringer,Tuesday  ,34051169.1600
Albert Ringer,Tuesday  ,30043969.5400
Albert Ringer,Tuesday  ,19590167.4100
Albert Ringer,Tuesday  ,37916239.8000
Albert Ringer,Tuesday  ,26227025.3700
Albert Ringer,Tuesday  ,32908629.4500
Albert Ringer,Tuesday  ,27775417.9800
Albert Ringer,Tuesday  ,23718634.0300
Albert Ringer,Tuesday  ,16727383.7000
Albert Ringer,Tuesday  ,34321735.2500
Albert Ringer,Tuesday  ,21643202.7300
Albert Ringer,Tuesday  ,20062424.8500
Albert Ringer,Tuesday  ,29840766.2400
Ann Dull,Tuesday  ,1520333.3100
Ann Dull,Tuesday  ,3013414.9100
Ann Dull,Tuesday  ,2859813.3500
Ann Dull,Tuesday  ,2255204.3700
Ann Dull,Tuesday  ,3193929.6300
Ann Dull,Tuesday  ,2189761.2500
Ann Dull,Tuesday  ,2458434.4100
Ann Dull,Tuesday  ,2168241.3100
Ann Dull,Tuesday  ,2536457.0400
Ann Dull,Tuesday  ,2399294.2800
Ann Dull,Tuesday  ,1674871.1100
Ann Dull,Tuesday  ,3085473.1000
Ann Dull,Tuesday  ,2810809.0300
Ann Dull,Tuesday  ,2672736.5000
Ann Dull,Tuesday  ,3259034.2000
Anne Ringer,Tuesday  ,3995619.8000
Anne Ringer,Tuesday  ,4200996.2000
Anne Ringer,Tuesday  ,4038575.6000
Anne Ringer,Tuesday  ,2055975.2000
Anne Ringer,Tuesday  ,4118218.8000
Anne Ringer,Tuesday  ,2864944.0000
Anne Ringer,Tuesday  ,4363416.8000
Anne Ringer,Tuesday  ,2947721.4000
Anne Ringer,Tuesday  ,4562524.8000
Anne Ringer,Tuesday  ,3548179.6000
Anne Ringer,Tuesday  ,5129429.8000
Anne Ringer,Tuesday  ,2901631.4000
Anne Ringer,Tuesday  ,3309250.0000
Anne Ringer,Tuesday  ,3833199.2000
Burt Gringlesby,Tuesday  ,7731805.6000
Burt Gringlesby,Tuesday  ,4559079.2000
Burt Gringlesby,Tuesday  ,7651859.2000
Burt Gringlesby,Tuesday  ,9109352.0000
Burt Gringlesby,Tuesday  ,7396901.6000
Burt Gringlesby,Tuesday  ,8638112.8000
Burt Gringlesby,Tuesday  ,8408939.2000
Burt Gringlesby,Tuesday  ,5813460.8000
Burt Gringlesby,Tuesday  ,7710285.6000
Burt Gringlesby,Tuesday  ,6699272.0000
Burt Gringlesby,Tuesday  ,8081360.8000
Burt Gringlesby,Tuesday  ,7601036.8000
Burt Gringlesby,Tuesday  ,8372768.0000
Burt Gringlesby,Tuesday  ,8633570.4000
Burt Gringlesby,Tuesday  ,8046213.6000
Charlene Locksley,Tuesday  ,5795678.3400
Charlene Locksley,Tuesday  ,6144729.1500
Charlene Locksley,Tuesday  ,5854831.4100
Charlene Locksley,Tuesday  ,8260201.2300
Charlene Locksley,Tuesday  ,6575116.4700
Charlene Locksley,Tuesday  ,8382837.9600
Charlene Locksley,Tuesday  ,5290586.9400
Charlene Locksley,Tuesday  ,6309440.6100
Charlene Locksley,Tuesday  ,6364510.8000
Charlene Locksley,Tuesday  ,6168439.9200
Charlene Locksley,Tuesday  ,6598827.2400
Charlene Locksley,Tuesday  ,7370616.7200
Charlene Locksley,Tuesday  ,7580711.2800
Charlene Locksley,Tuesday  ,7424670.6900
Charlene Locksley,Tuesday  ,8298446.7900
Cheryl Carson,Tuesday  ,1793991.1000
Cheryl Carson,Tuesday  ,5479388.1600
Cheryl Carson,Tuesday  ,4817957.8200
Cheryl Carson,Tuesday  ,7460749.4400
Cheryl Carson,Tuesday  ,6309346.0800
Cheryl Carson,Tuesday  ,3073455.2400
Cheryl Carson,Tuesday  ,3306164.7800
Cheryl Carson,Tuesday  ,5369105.5600
Cheryl Carson,Tuesday  ,6023760.1400
Cheryl Carson,Tuesday  ,5597665.9400
Cheryl Carson,Tuesday  ,7353093.4400
Cheryl Carson,Tuesday  ,4615093.3000
Cheryl Carson,Tuesday  ,6620247.2400
Cheryl Carson,Tuesday  ,5000417.5600
Cheryl Carson,Tuesday  ,4085111.6200
Dean Straight,Tuesday  ,10092405.9600
Dean Straight,Tuesday  ,12845185.9200
Dean Straight,Tuesday  ,12359677.1600
Dean Straight,Tuesday  ,13190554.6000
Dean Straight,Tuesday  ,14244740.2400
Dean Straight,Tuesday  ,11168130.4200
Dean Straight,Tuesday  ,12589649.2600
Dean Straight,Tuesday  ,10576319.6600
Dean Straight,Tuesday  ,14882539.7800
Dean Straight,Tuesday  ,13915225.0000
Dean Straight,Tuesday  ,9466457.4200
Dean Straight,Tuesday  ,11292149.1200
Dean Straight,Tuesday  ,12594902.1600
Dean Straight,Tuesday  ,10795596.0400
Dean Straight,Tuesday  ,13445558.8600
Dirk Stringer,Tuesday  ,40532005.8000
Dirk Stringer,Tuesday  ,41006973.1500
Dirk Stringer,Tuesday  ,46561665.1500
Dirk Stringer,Tuesday  ,55494024.3000
Dirk Stringer,Tuesday  ,47511599.8500
Dirk Stringer,Tuesday  ,45835990.2000
Dirk Stringer,Tuesday  ,44635347.9000
Dirk Stringer,Tuesday  ,64874902.9500
Dirk Stringer,Tuesday  ,43658965.3500
Dirk Stringer,Tuesday  ,37154338.6500
Dirk Stringer,Tuesday  ,66801220.2000
Dirk Stringer,Tuesday  ,54293382.0000
Dirk Stringer,Tuesday  ,54992609.1000
Heather McBadden,Tuesday  ,16833797.0600
Heather McBadden,Tuesday  ,13461164.2400
Heather McBadden,Tuesday  ,24765369.1800
Heather McBadden,Tuesday  ,20339486.1500
Heather McBadden,Tuesday  ,13369111.2100
Heather McBadden,Tuesday  ,22587382.3000
Heather McBadden,Tuesday  ,22387908.0000
Heather McBadden,Tuesday  ,20795300.1500
Heather McBadden,Tuesday  ,17828101.1200
Heather McBadden,Tuesday  ,11631014.1500
Heather McBadden,Tuesday  ,16687060.2100
Heather McBadden,Tuesday  ,14947836.1800
Heather McBadden,Tuesday  ,17175981.0900
Heather McBadden,Tuesday  ,16940034.0900
Heather McBadden,Tuesday  ,18141873.1800
Innes del Castillo,Tuesday  ,14756847.8700
Innes del Castillo,Tuesday  ,16404610.6200
Innes del Castillo,Tuesday  ,23368395.5100
Innes del Castillo,Tuesday  ,19841460.9000
Innes del Castillo,Tuesday  ,17247257.3700
Innes del Castillo,Tuesday  ,23145835.6500
Innes del Castillo,Tuesday  ,26697904.4400
Innes del Castillo,Tuesday  ,21240557.5200
Innes del Castillo,Tuesday  ,15548254.1700
Innes del Castillo,Tuesday  ,18102641.7300
Innes del Castillo,Tuesday  ,18350335.7700
Innes del Castillo,Tuesday  ,15536488.6500
Innes del Castillo,Tuesday  ,19645979.4000
Innes del Castillo,Tuesday  ,16082145.0900
Innes del Castillo,Tuesday  ,19504654.6200
Johnson White,Tuesday  ,4752982.0700
Johnson White,Tuesday  ,6124507.4400
Johnson White,Tuesday  ,5756965.2800
Johnson White,Tuesday  ,8563104.0200
Johnson White,Tuesday  ,6533303.8900
Johnson White,Tuesday  ,8834682.6900
Johnson White,Tuesday  ,7406556.4000
Johnson White,Tuesday  ,7378500.3800
Johnson White,Tuesday  ,5416301.0800
Johnson White,Tuesday  ,5535399.0500
Johnson White,Tuesday  ,6829113.2550
Johnson White,Tuesday  ,4170996.6400
Johnson White,Tuesday  ,7964950.3000
Johnson White,Tuesday  ,7411751.3800
Johnson White,Tuesday  ,7596476.1700
Livia Karsen,Tuesday  ,10518182.0500
Livia Karsen,Tuesday  ,2671055.0900
Livia Karsen,Tuesday  ,673438.6800
Livia Karsen,Tuesday  ,11866108.4400
Livia Karsen,Tuesday  ,12086205.7800
Livia Karsen,Tuesday  ,6175627.8900
Livia Karsen,Tuesday  ,17311693.9600
Livia Karsen,Tuesday  ,12118011.7800
Livia Karsen,Tuesday  ,9212663.6600
Livia Karsen,Tuesday  ,6342715.2300
Livia Karsen,Tuesday  ,10266278.7100
Livia Karsen,Tuesday  ,14672444.8700
Livia Karsen,Tuesday  ,8950158.3200
Livia Karsen,Tuesday  ,12884323.8000
Livia Karsen,Tuesday  ,9947169.6800
Marjorie Green,Tuesday  ,3910293.6000
Marjorie Green,Tuesday  ,5604765.4000
Marjorie Green,Tuesday  ,8315365.0000
Marjorie Green,Tuesday  ,4527374.1000
Marjorie Green,Tuesday  ,4681812.4500
Marjorie Green,Tuesday  ,10163717.8000
Marjorie Green,Tuesday  ,6003255.3500
Marjorie Green,Tuesday  ,9379301.9000
Marjorie Green,Tuesday  ,7362947.6000
Marjorie Green,Tuesday  ,7259988.7000
Marjorie Green,Tuesday  ,8354280.4500
Marjorie Green,Tuesday  ,5631116.8500
Marjorie Green,Tuesday  ,6541172.7500
Marjorie Green,Tuesday  ,8467689.5000
Marjorie Green,Tuesday  ,6285889.3500
Meander Smith,Tuesday  ,4475503.8600
Meander Smith,Tuesday  ,4391927.3400
Meander Smith,Tuesday  ,3615725.0700
Meander Smith,Tuesday  ,5072238.0000
Meander Smith,Tuesday  ,3935733.4800
Meander Smith,Tuesday  ,3720195.7200
Meander Smith,Tuesday  ,3689228.1300
Meander Smith,Tuesday  ,6837191.4600
Meander Smith,Tuesday  ,3659007.7500
Meander Smith,Tuesday  ,3348325.5900
Meander Smith,Tuesday  ,3347578.3800
Meander Smith,Tuesday  ,4721262.0000
Meander Smith,Tuesday  ,4752229.5900
Meander Smith,Tuesday  ,3988342.4100
Meander Smith,Tuesday  ,4359465.3300
Michael O'Leary,Tuesday  ,7014245.0400
Michael O'Leary,Tuesday  ,6135174.6100
Michael O'Leary,Tuesday  ,17361587.8000
Michael O'Leary,Tuesday  ,9651456.3300
Michael O'Leary,Tuesday  ,7957429.8700
Michael O'Leary,Tuesday  ,7920793.0700
Michael O'Leary,Tuesday  ,4441148.1500
Michael O'Leary,Tuesday  ,7893315.4700
Michael O'Leary,Tuesday  ,12197075.6200
Michael O'Leary,Tuesday  ,7847519.4700
Michael O'Leary,Tuesday  ,8772385.9000
Michael O'Leary,Tuesday  ,11308845.9900
Michael O'Leary,Tuesday  ,5283581.7800
Michael O'Leary,Tuesday  ,5338536.9800
Michel DeFrance,Tuesday  ,34047874.7700
Michel DeFrance,Tuesday  ,32827677.0500
Michel DeFrance,Tuesday  ,31890079.8800
Michel DeFrance,Tuesday  ,32985604.0600
Michel DeFrance,Tuesday  ,28110091.0800
Michel DeFrance,Tuesday  ,22371653.5100
Michel DeFrance,Tuesday  ,34165148.2800
Michel DeFrance,Tuesday  ,36573055.8600
Michel DeFrance,Tuesday  ,28252452.4200
Michel DeFrance,Tuesday  ,32801232.7000
Michel DeFrance,Tuesday  ,24973454.6100
Michel DeFrance,Tuesday  ,37309950.3900
Michel DeFrance,Tuesday  ,40170795.4300
Michel DeFrance,Tuesday  ,26310925.8400
Michel DeFrance,Tuesday  ,24630390.6300
Morningstar Greene,Tuesday  ,4991193.5500
Morningstar Greene,Tuesday  ,3212181.0900
Morningstar Greene,Tuesday  ,3253740.4600
Morningstar Greene,Tuesday  ,3888578.5200
Morningstar Greene,Tuesday  ,4051661.7200
Morningstar Greene,Tuesday  ,2879018.8600
Morningstar Greene,Tuesday  ,4526580.7500
Morningstar Greene,Tuesday  ,4344816.9200
Morningstar Greene,Tuesday  ,5276036.4100
Morningstar Greene,Tuesday  ,6215751.6100
Morningstar Greene,Tuesday  ,5219528.5800
Morningstar Greene,Tuesday  ,6839482.4700
Morningstar Greene,Tuesday  ,3305851.4900
Morningstar Greene,Tuesday  ,6684156.0700
Morningstar Greene,Tuesday  ,3048862.0600
Reginald Blotchet-Halls,Tuesday  ,5273424.0000
Reginald Blotchet-Halls,Tuesday  ,6610038.4000
Reginald Blotchet-Halls,Tuesday  ,7448030.4000
Reginald Blotchet-Halls,Tuesday  ,5148099.2000
Reginald Blotchet-Halls,Tuesday  ,6187126.4000
Reginald Blotchet-Halls,Tuesday  ,8562764.8000
Reginald Blotchet-Halls,Tuesday  ,7326648.8000
Reginald Blotchet-Halls,Tuesday  ,4439330.4000
Reginald Blotchet-Halls,Tuesday  ,3934180.8000
Reginald Blotchet-Halls,Tuesday  ,5447004.0000
Reginald Blotchet-Halls,Tuesday  ,4051667.2000
Reginald Blotchet-Halls,Tuesday  ,6382907.2000
Reginald Blotchet-Halls,Tuesday  ,7235258.4000
Reginald Blotchet-Halls,Tuesday  ,5517501.6000
Reginald Blotchet-Halls,Tuesday  ,5734172.0000
Sheryl Hunter,Tuesday  ,9723326.9800
Sheryl Hunter,Tuesday  ,9014124.7400
Sheryl Hunter,Tuesday  ,10068054.9900
Sheryl Hunter,Tuesday  ,13627246.1600
Sheryl Hunter,Tuesday  ,11991164.3300
Sheryl Hunter,Tuesday  ,11998967.6500
Sheryl Hunter,Tuesday  ,12068373.1300
Sheryl Hunter,Tuesday  ,9025829.7200
Sheryl Hunter,Tuesday  ,9214775.7800
Sheryl Hunter,Tuesday  ,10567438.5200
Sheryl Hunter,Tuesday  ,9914223.8700
Sheryl Hunter,Tuesday  ,11910347.1100
Sheryl Hunter,Tuesday  ,9388115.2000
Sheryl Hunter,Tuesday  ,9891107.1500
Sheryl Hunter,Tuesday  ,15351655.2900
Stearns MacFeather,Tuesday  ,1589341.0300
Stearns MacFeather,Tuesday  ,1721420.4900
Stearns MacFeather,Tuesday  ,2128177.2000
Stearns MacFeather,Tuesday  ,3212664.9900
Stearns MacFeather,Tuesday  ,1965385.2600
Stearns MacFeather,Tuesday  ,2241089.3700
Stearns MacFeather,Tuesday  ,2334851.8500
Stearns MacFeather,Tuesday  ,2545533.2400
Stearns MacFeather,Tuesday  ,1493524.2800
Stearns MacFeather,Tuesday  ,1647976.4200
Stearns MacFeather,Tuesday  ,1389036.1100
Stearns MacFeather,Tuesday  ,2171032.5000
Stearns MacFeather,Tuesday  ,2485934.3900
Stearns MacFeather,Tuesday  ,2008751.3400
Stearns MacFeather,Tuesday  ,2121787.2200
Sylvia Panteley,Tuesday  ,7301419.3000
Sylvia Panteley,Tuesday  ,3898298.2000
Sylvia Panteley,Tuesday  ,6569433.9000
Sylvia Panteley,Tuesday  ,7955447.9000
Sylvia Panteley,Tuesday  ,7036677.1000
Sylvia Panteley,Tuesday  ,7498056.2000
Sylvia Panteley,Tuesday  ,7705850.2000
Sylvia Panteley,Tuesday  ,6434177.7000
Sylvia Panteley,Tuesday  ,7478925.5000
Sylvia Panteley,Tuesday  ,6008738.2000
Sylvia Panteley,Tuesday  ,6591629.7000
Sylvia Panteley,Tuesday  ,7523943.6000
Sylvia Panteley,Tuesday  ,5918946.4000
Sylvia Panteley,Tuesday  ,4543939.0000
Sylvia Panteley,Tuesday  ,6824418.5000
Abraham Bennet,Wednesday,13280201.8700
Abraham Bennet,Wednesday,22683225.3000
Abraham Bennet,Wednesday,14507824.4600
Abraham Bennet,Wednesday,14253544.3600
Abraham Bennet,Wednesday,20344916.9900
Abraham Bennet,Wednesday,9907272.6800
Abraham Bennet,Wednesday,11087698.5600
Abraham Bennet,Wednesday,13792675.3400
Abraham Bennet,Wednesday,17103206.9500
Abraham Bennet,Wednesday,17560172.2200
Abraham Bennet,Wednesday,14631787.4100
Abraham Bennet,Wednesday,12599948.3900
Abraham Bennet,Wednesday,17259606.2800
Abraham Bennet,Wednesday,15830734.4900
Albert Ringer,Wednesday,22902820.5900
Albert Ringer,Wednesday,18314662.0400
Albert Ringer,Wednesday,22133358.8900
Albert Ringer,Wednesday,30534328.6300
Albert Ringer,Wednesday,34036059.5300
Albert Ringer,Wednesday,32101947.2700
Albert Ringer,Wednesday,38469653.6200
Albert Ringer,Wednesday,28261260.5500
Albert Ringer,Wednesday,30008010.9400
Albert Ringer,Wednesday,24858998.1500
Albert Ringer,Wednesday,28422550.9400
Albert Ringer,Wednesday,32223207.4900
Albert Ringer,Wednesday,26581537.7500
Albert Ringer,Wednesday,34870028.7700
Ann Dull,Wednesday,3347219.1100
Ann Dull,Wednesday,2506814.5700
Ann Dull,Wednesday,2607578.9900
Ann Dull,Wednesday,1839830.3300
Ann Dull,Wednesday,3265051.5800
Ann Dull,Wednesday,2673646.2700
Ann Dull,Wednesday,2717257.3700
Ann Dull,Wednesday,2305118.4600
Ann Dull,Wednesday,2635401.9200
Ann Dull,Wednesday,2695763.9000
Ann Dull,Wednesday,2454601.5900
Ann Dull,Wednesday,2346145.0600
Ann Dull,Wednesday,2102512.5800
Ann Dull,Wednesday,2092064.6900
Anne Ringer,Wednesday,3839467.6000
Anne Ringer,Wednesday,4078397.2000
Anne Ringer,Wednesday,3511492.2000
Anne Ringer,Wednesday,3149963.6000
Anne Ringer,Wednesday,2622880.2000
Anne Ringer,Wednesday,5291850.4000
Anne Ringer,Wednesday,2861809.8000
Anne Ringer,Wednesday,2016153.6000
Anne Ringer,Wednesday,3146829.4000
Anne Ringer,Wednesday,2907899.8000
Anne Ringer,Wednesday,2423772.2000
Anne Ringer,Wednesday,4764767.0000
Anne Ringer,Wednesday,2583058.6000
Burt Gringlesby,Wednesday,8084144.0000
Burt Gringlesby,Wednesday,5662931.2000
Burt Gringlesby,Wednesday,8095555.2000
Burt Gringlesby,Wednesday,10466402.4000
Burt Gringlesby,Wednesday,9541358.4000
Burt Gringlesby,Wednesday,8026452.8000
Burt Gringlesby,Wednesday,8107423.2000
Burt Gringlesby,Wednesday,9806981.6000
Burt Gringlesby,Wednesday,9660259.2000
Burt Gringlesby,Wednesday,6346933.6000
Burt Gringlesby,Wednesday,9106568.8000
Burt Gringlesby,Wednesday,10497285.6000
Burt Gringlesby,Wednesday,6598084.0000
Burt Gringlesby,Wednesday,9047118.4000
Charlene Locksley,Wednesday,7232676.6900
Charlene Locksley,Wednesday,8488907.4600
Charlene Locksley,Wednesday,6434626.8900
Charlene Locksley,Wednesday,8169177.6300
Charlene Locksley,Wednesday,7106468.1900
Charlene Locksley,Wednesday,7792844.2800
Charlene Locksley,Wednesday,7746950.0700
Charlene Locksley,Wednesday,9270384.0300
Charlene Locksley,Wednesday,8894561.7900
Charlene Locksley,Wednesday,6064414.8600
Charlene Locksley,Wednesday,7792333.1700
Charlene Locksley,Wednesday,7104429.7500
Charlene Locksley,Wednesday,8459075.3700
Charlene Locksley,Wednesday,6174561.2400
Cheryl Carson,Wednesday,4503668.7800
Cheryl Carson,Wednesday,4950929.0400
Cheryl Carson,Wednesday,4821345.7000
Cheryl Carson,Wednesday,4735997.6800
Cheryl Carson,Wednesday,6512971.8800
Cheryl Carson,Wednesday,5845068.9200
Cheryl Carson,Wednesday,3720192.1400
Cheryl Carson,Wednesday,3799906.3200
Cheryl Carson,Wednesday,5654691.5000
Cheryl Carson,Wednesday,4374846.7200
Cheryl Carson,Wednesday,4897291.3600
Cheryl Carson,Wednesday,5136776.6600
Cheryl Carson,Wednesday,4635117.4400
Cheryl Carson,Wednesday,3141102.5800
Dean Straight,Wednesday,14399904.7400
Dean Straight,Wednesday,9285846.3600
Dean Straight,Wednesday,14720857.8000
Dean Straight,Wednesday,8449943.5400
Dean Straight,Wednesday,12804439.0000
Dean Straight,Wednesday,12855372.0600
Dean Straight,Wednesday,9461619.1400
Dean Straight,Wednesday,11774409.4800
Dean Straight,Wednesday,10345486.3400
Dean Straight,Wednesday,15346593.3800
Dean Straight,Wednesday,12743215.6600
Dean Straight,Wednesday,11795369.4000
Dean Straight,Wednesday,7350777.0200
Dean Straight,Wednesday,16759017.6400
Dirk Stringer,Wednesday,47762307.4500
Dirk Stringer,Wednesday,45835990.2000
Dirk Stringer,Wednesday,31850354.2500
Dirk Stringer,Wednesday,58845243.6000
Dirk Stringer,Wednesday,30148296.7500
Dirk Stringer,Wednesday,45585282.6000
Dirk Stringer,Wednesday,61272976.0500
Dirk Stringer,Wednesday,39555623.2500
Dirk Stringer,Wednesday,30649711.9500
Dirk Stringer,Wednesday,29673329.4000
Dirk Stringer,Wednesday,48237274.8000
Dirk Stringer,Wednesday,78385571.5500
Dirk Stringer,Wednesday,41006973.1500
Dirk Stringer,Wednesday,53567707.0500
Heather McBadden,Wednesday,15305197.2100
Heather McBadden,Wednesday,26011432.1200
Heather McBadden,Wednesday,15713318.2400
Heather McBadden,Wednesday,17306539.1200
Heather McBadden,Wednesday,14830291.2100
Heather McBadden,Wednesday,23924371.3000
Heather McBadden,Wednesday,12905836.1200
Heather McBadden,Wednesday,10585961.1500
Heather McBadden,Wednesday,19791127.0300
Heather McBadden,Wednesday,18924861.0900
Heather McBadden,Wednesday,19474457.0600
Heather McBadden,Wednesday,12370391.2400
Heather McBadden,Wednesday,21342600.1800
Heather McBadden,Wednesday,20993289.0900
Innes del Castillo,Wednesday,12306885.3900
Innes del Castillo,Wednesday,19373151.1800
Innes del Castillo,Wednesday,15199051.3200
Innes del Castillo,Wednesday,20255613.9000
Innes del Castillo,Wednesday,17338313.7900
Innes del Castillo,Wednesday,17234860.8000
Innes del Castillo,Wednesday,24652273.6200
Innes del Castillo,Wednesday,18311491.8900
Innes del Castillo,Wednesday,13162269.7500
Innes del Castillo,Wednesday,12993866.6100
Innes del Castillo,Wednesday,25155538.8600
Innes del Castillo,Wednesday,18687142.0500
Innes del Castillo,Wednesday,19400229.5400
Innes del Castillo,Wednesday,11659379.1000
Johnson White,Wednesday,4998943.5600
Johnson White,Wednesday,7637780.2350
Johnson White,Wednesday,4354487.2500
Johnson White,Wednesday,8071635.8450
Johnson White,Wednesday,6699004.1700
Johnson White,Wednesday,5035918.9150
Johnson White,Wednesday,7627867.9500
Johnson White,Wednesday,8920670.3000
Johnson White,Wednesday,5890855.9700
Johnson White,Wednesday,5735002.1350
Johnson White,Wednesday,6404159.7200
Johnson White,Wednesday,8111713.5100
Johnson White,Wednesday,3949366.8150
Johnson White,Wednesday,5599162.1700
Livia Karsen,Wednesday,11897914.4400
Livia Karsen,Wednesday,15935555.2600
Livia Karsen,Wednesday,14388735.5300
Livia Karsen,Wednesday,14356929.5300
Livia Karsen,Wednesday,11624807.1000
Livia Karsen,Wednesday,9297479.6600
Livia Karsen,Wednesday,16198060.6000
Livia Karsen,Wednesday,12767701.8000
Livia Karsen,Wednesday,4628808.1600
Livia Karsen,Wednesday,14179240.1900
Livia Karsen,Wednesday,10255676.7100
Livia Karsen,Wednesday,4565196.1600
Livia Karsen,Wednesday,9971967.3700
Livia Karsen,Wednesday,6594618.5700
Marjorie Green,Wednesday,5914083.9000
Marjorie Green,Wednesday,6272659.2500
Marjorie Green,Wednesday,9290687.8000
Marjorie Green,Wednesday,6787005.1500
Marjorie Green,Wednesday,9713082.3000
Marjorie Green,Wednesday,4977343.5000
Marjorie Green,Wednesday,5516484.3500
Marjorie Green,Wednesday,6093983.3000
Marjorie Green,Wednesday,6555293.2500
Marjorie Green,Wednesday,5708057.3500
Marjorie Green,Wednesday,6208282.7500
Marjorie Green,Wednesday,7273776.1500
Marjorie Green,Wednesday,7723745.5500
Marjorie Green,Wednesday,6914867.7500
Meander Smith,Wednesday,3976774.5300
Meander Smith,Wednesday,5083058.6700
Meander Smith,Wednesday,2616153.2100
Meander Smith,Wednesday,3308031.7500
Meander Smith,Wednesday,3784372.5300
Meander Smith,Wednesday,4264320.9300
Meander Smith,Wednesday,4082739.6000
Meander Smith,Wednesday,3997668.6600
Meander Smith,Wednesday,3965953.8600
Meander Smith,Wednesday,2668014.9300
Meander Smith,Wednesday,2531829.4800
Meander Smith,Wednesday,2657194.2600
Meander Smith,Wednesday,2690403.4800
Meander Smith,Wednesday,4029383.4600
Michael O'Leary,Wednesday,12206234.8200
Michael O'Leary,Wednesday,10475571.5600
Michael O'Leary,Wednesday,7920793.0700
Michael O'Leary,Wednesday,9550705.1300
Michael O'Leary,Wednesday,7032563.4400
Michael O'Leary,Wednesday,10466412.3600
Michael O'Leary,Wednesday,9587341.9300
Michael O'Leary,Wednesday,10420616.3600
Michael O'Leary,Wednesday,11345482.7900
Michael O'Leary,Wednesday,9651456.3300
Michael O'Leary,Wednesday,9614819.5300
Michael O'Leary,Wednesday,7884156.2700
Michael O'Leary,Wednesday,8754067.5000
Michel DeFrance,Wednesday,35720244.3400
Michel DeFrance,Wednesday,32182968.2000
Michel DeFrance,Wednesday,28470077.2500
Michel DeFrance,Wednesday,33420853.7200
Michel DeFrance,Wednesday,32442603.0500
Michel DeFrance,Wednesday,39985658.4600
Michel DeFrance,Wednesday,34767847.1100
Michel DeFrance,Wednesday,32952350.5900
Michel DeFrance,Wednesday,35905381.3100
Michel DeFrance,Wednesday,31881323.3300
Michel DeFrance,Wednesday,22263136.5500
Michel DeFrance,Wednesday,34507446.6500
Michel DeFrance,Wednesday,26755697.6600
Michel DeFrance,Wednesday,17948312.3800
Morningstar Greene,Wednesday,5920134.0100
Morningstar Greene,Wednesday,3889193.5500
Morningstar Greene,Wednesday,5342272.5800
Morningstar Greene,Wednesday,3538816.2900
Morningstar Greene,Wednesday,6036167.6100
Morningstar Greene,Wednesday,5013653.3800
Morningstar Greene,Wednesday,8726917.9600
Morningstar Greene,Wednesday,2068991.0300
Morningstar Greene,Wednesday,4797940.7500
Morningstar Greene,Wednesday,6022548.4100
Morningstar Greene,Wednesday,3280128.2900
Morningstar Greene,Wednesday,4008391.3200
Morningstar Greene,Wednesday,3384856.2900
Morningstar Greene,Wednesday,2808792.6300
Reginald Blotchet-Halls,Wednesday,7645125.6000
Reginald Blotchet-Halls,Wednesday,5726333.6000
Reginald Blotchet-Halls,Wednesday,5166360.0000
Reginald Blotchet-Halls,Wednesday,7270510.4000
Reginald Blotchet-Halls,Wednesday,4936641.6000
Reginald Blotchet-Halls,Wednesday,3973328.0000
Reginald Blotchet-Halls,Wednesday,5714596.8000
Reginald Blotchet-Halls,Wednesday,5748534.4000
Reginald Blotchet-Halls,Wednesday,6309822.4000
Reginald Blotchet-Halls,Wednesday,6847595.2000
Reginald Blotchet-Halls,Wednesday,4308796.0000
Reginald Blotchet-Halls,Wednesday,5927368.8000
Reginald Blotchet-Halls,Wednesday,5251223.2000
Reginald Blotchet-Halls,Wednesday,5722435.2000
Sheryl Hunter,Wednesday,10392148.2700
Sheryl Hunter,Wednesday,8351449.1800
Sheryl Hunter,Wednesday,11532748.2300
Sheryl Hunter,Wednesday,11937365.4900
Sheryl Hunter,Wednesday,9969973.5400
Sheryl Hunter,Wednesday,11735056.8600
Sheryl Hunter,Wednesday,9590423.8300
Sheryl Hunter,Wednesday,11143444.3700
Sheryl Hunter,Wednesday,7642246.9400
Sheryl Hunter,Wednesday,10401609.1800
Sheryl Hunter,Wednesday,9322611.3800
Sheryl Hunter,Wednesday,8996860.5100
Sheryl Hunter,Wednesday,12104852.4200
Sheryl Hunter,Wednesday,7170175.0300
Stearns MacFeather,Wednesday,1437911.9200
Stearns MacFeather,Wednesday,2243120.7400
Stearns MacFeather,Wednesday,1209909.6000
Stearns MacFeather,Wednesday,1091103.2800
Stearns MacFeather,Wednesday,926790.7500
Stearns MacFeather,Wednesday,2122999.0900
Stearns MacFeather,Wednesday,2147529.5000
Stearns MacFeather,Wednesday,1883924.5100
Stearns MacFeather,Wednesday,1773296.4300
Stearns MacFeather,Wednesday,2062312.0800
Stearns MacFeather,Wednesday,1575022.8800
Stearns MacFeather,Wednesday,2391676.0800
Stearns MacFeather,Wednesday,1648672.2100
Stearns MacFeather,Wednesday,2439585.7800
Sylvia Panteley,Wednesday,6625906.1000
Sylvia Panteley,Wednesday,7224449.0000
Sylvia Panteley,Wednesday,3512491.1000
Sylvia Panteley,Wednesday,5078747.3000
Sylvia Panteley,Wednesday,7619568.6000
Sylvia Panteley,Wednesday,4871876.8000
Sylvia Panteley,Wednesday,5122396.8000
Sylvia Panteley,Wednesday,8443191.6000
Sylvia Panteley,Wednesday,6178301.7000
Sylvia Panteley,Wednesday,4939058.6000
Sylvia Panteley,Wednesday,4880710.9000
Sylvia Panteley,Wednesday,9033760.9000
Sylvia Panteley,Wednesday,6225906.5000
Sylvia Panteley,Wednesday,6119984.9000
Abraham Bennet,Thursday ,18782684.4300
Abraham Bennet,Thursday ,18915088.4700
Abraham Bennet,Thursday ,13635252.4300
Abraham Bennet,Thursday ,13661615.0000
Abraham Bennet,Thursday ,19367494.2400
Abraham Bennet,Thursday ,14570029.7400
Abraham Bennet,Thursday ,14926614.1000
Abraham Bennet,Thursday ,10042842.8700
Abraham Bennet,Thursday ,18319610.8000
Abraham Bennet,Thursday ,19373427.5200
Abraham Bennet,Thursday ,12840579.5800
Abraham Bennet,Thursday ,16903727.3100
Abraham Bennet,Thursday ,15909813.7300
Abraham Bennet,Thursday ,18885140.2800
Albert Ringer,Thursday ,31652965.9300
Albert Ringer,Thursday ,40106741.2700
Albert Ringer,Thursday ,26312659.7200
Albert Ringer,Thursday ,32013427.1000
Albert Ringer,Thursday ,24791058.3700
Albert Ringer,Thursday ,22474772.6300
Albert Ringer,Thursday ,25553930.6600
Albert Ringer,Thursday ,21237238.3600
Albert Ringer,Thursday ,28476422.3000
Albert Ringer,Thursday ,30937792.2100
Albert Ringer,Thursday ,27082906.5600
Albert Ringer,Thursday ,20766573.5400
Albert Ringer,Thursday ,36722577.2800
Albert Ringer,Thursday ,37547649.4800
Ann Dull,Thursday ,2793772.5400
Ann Dull,Thursday ,2782102.8000
Ann Dull,Thursday ,2234620.6700
Ann Dull,Thursday ,2486855.0300
Ann Dull,Thursday ,1658432.3100
Ann Dull,Thursday ,2832614.5800
Ann Dull,Thursday ,2803908.3500
Ann Dull,Thursday ,3045694.8200
Ann Dull,Thursday ,3144613.2300
Ann Dull,Thursday ,2624017.7900
Ann Dull,Thursday ,2014951.8300
Ann Dull,Thursday ,3221726.0900
Ann Dull,Thursday ,2546592.8500
Ann Dull,Thursday ,2437538.6300
Anne Ringer,Thursday ,3915976.6000
Anne Ringer,Thursday ,3673912.8000
Anne Ringer,Thursday ,5696334.8000
Anne Ringer,Thursday ,4728079.6000
Anne Ringer,Thursday ,4522703.2000
Anne Ringer,Thursday ,5049786.6000
Anne Ringer,Thursday ,2337860.6000
Anne Ringer,Thursday ,3067186.2000
Anne Ringer,Thursday ,2947721.4000
Anne Ringer,Thursday ,3876155.0000
Anne Ringer,Thursday ,4884231.8000
Anne Ringer,Thursday ,2745479.2000
Anne Ringer,Thursday ,3630957.0000
Anne Ringer,Thursday ,4602346.4000
Burt Gringlesby,Thursday ,6495136.8000
Burt Gringlesby,Thursday ,6276072.0000
Burt Gringlesby,Thursday ,7868140.8000
Burt Gringlesby,Thursday ,8143594.4000
Burt Gringlesby,Thursday ,6481966.4000
Burt Gringlesby,Thursday ,8021453.6000
Burt Gringlesby,Thursday ,9044335.2000
Burt Gringlesby,Thursday ,6634255.2000
Burt Gringlesby,Thursday ,9006404.8000
Burt Gringlesby,Thursday ,7312691.2000
Burt Gringlesby,Thursday ,8767122.4000
Burt Gringlesby,Thursday ,6500703.2000
Burt Gringlesby,Thursday ,5928276.0000
Burt Gringlesby,Thursday ,6770590.4000
Charlene Locksley,Thursday ,6808410.6900
Charlene Locksley,Thursday ,9262224.2700
Charlene Locksley,Thursday ,8274224.9100
Charlene Locksley,Thursday ,8146994.1900
Charlene Locksley,Thursday ,6251814.8700
Charlene Locksley,Thursday ,7078169.4300
Charlene Locksley,Thursday ,6193172.9100
Charlene Locksley,Thursday ,6066453.3000
Charlene Locksley,Thursday ,6978221.2500
Charlene Locksley,Thursday ,7612581.8100
Charlene Locksley,Thursday ,7953983.9700
Charlene Locksley,Thursday ,7477702.4400
Charlene Locksley,Thursday ,6174561.2400
Charlene Locksley,Thursday ,7803042.4800
Cheryl Carson,Thursday ,3648395.6400
Cheryl Carson,Thursday ,6251559.2400
Cheryl Carson,Thursday ,3823698.9800
Cheryl Carson,Thursday ,4921845.3000
Cheryl Carson,Thursday ,5128858.9800
Cheryl Carson,Thursday ,6201309.4400
Cheryl Carson,Thursday ,6898296.1400
Cheryl Carson,Thursday ,4971333.8200
Cheryl Carson,Thursday ,4849668.1600
Cheryl Carson,Thursday ,4241875.5000
Cheryl Carson,Thursday ,5472612.4000
Cheryl Carson,Thursday ,4267190.7200
Cheryl Carson,Thursday ,4009927.2400
Cheryl Carson,Thursday ,6044164.9200
Dean Straight,Thursday ,16974224.8200
Dean Straight,Thursday ,16703637.6600
Dean Straight,Thursday ,13360927.8000
Dean Straight,Thursday ,11270478.1800
Dean Straight,Thursday ,13889363.8200
Dean Straight,Thursday ,11568351.6400
Dean Straight,Thursday ,8094512.3600
Dean Straight,Thursday ,13548807.5600
Dean Straight,Thursday ,13911317.5200
Dean Straight,Thursday ,10171956.8800
Dean Straight,Thursday ,14470694.8600
Dean Straight,Thursday ,13019121.7800
Dean Straight,Thursday ,11001100.5800
Dean Straight,Thursday ,14929012.0600
Dirk Stringer,Thursday ,58146016.5000
Dirk Stringer,Thursday ,34726606.2000
Dirk Stringer,Thursday ,60771560.8500
Dirk Stringer,Thursday ,46561665.1500
Dirk Stringer,Thursday ,53791966.8000
Dirk Stringer,Thursday ,48013015.0500
Dirk Stringer,Thursday ,39555623.2500
Dirk Stringer,Thursday ,36428663.7000
Dirk Stringer,Thursday ,62222910.7500
Dirk Stringer,Thursday ,49688624.7000
Dirk Stringer,Thursday ,61022268.4500
Dirk Stringer,Thursday ,50163592.0500
Dirk Stringer,Thursday ,42207615.4500
Heather McBadden,Thursday ,10899019.2100
Heather McBadden,Thursday ,25799861.1500
Heather McBadden,Thursday ,22387563.1800
Heather McBadden,Thursday ,12494615.1500
Heather McBadden,Thursday ,22995826.3000
Heather McBadden,Thursday ,22341241.2100
Heather McBadden,Thursday ,18347044.2100
Heather McBadden,Thursday ,26118673.2100
Heather McBadden,Thursday ,18692829.0900
Heather McBadden,Thursday ,17671717.1200
Heather McBadden,Thursday ,16101490.2100
Heather McBadden,Thursday ,28879130.1500
Heather McBadden,Thursday ,28621316.1500
Heather McBadden,Thursday ,18237549.1800
Innes del Castillo,Thursday ,15809316.8700
Innes del Castillo,Thursday ,13862619.6300
Innes del Castillo,Thursday ,19504654.6200
Innes del Castillo,Thursday ,24248914.0500
Innes del Castillo,Thursday ,16793629.4400
Innes del Castillo,Thursday ,20736320.1900
Innes del Castillo,Thursday ,18181301.5800
Innes del Castillo,Thursday ,12801301.3800
Innes del Castillo,Thursday ,13552260.6600
Innes del Castillo,Thursday ,27022945.2000
Innes del Castillo,Thursday ,17805651.4200
Innes del Castillo,Thursday ,10880710.4100
Innes del Castillo,Thursday ,19517392.2300
Innes del Castillo,Thursday ,17027613.7800
Johnson White,Thursday ,7137955.2250
Johnson White,Thursday ,5004568.9900
Johnson White,Thursday ,7404049.1050
Johnson White,Thursday ,5282759.3150
Johnson White,Thursday ,6216048.7250
Johnson White,Thursday ,6029782.9900
Johnson White,Thursday ,7237959.4800
Johnson White,Thursday ,7146456.7500
Johnson White,Thursday ,8091554.6600
Johnson White,Thursday ,5928119.2700
Johnson White,Thursday ,5573859.5350
Johnson White,Thursday ,5900873.7050
Johnson White,Thursday ,9140927.1700
Johnson White,Thursday ,5620749.7900
Livia Karsen,Thursday ,17272879.6500
Livia Karsen,Thursday ,8236856.3000
Livia Karsen,Thursday ,11242086.0700
Livia Karsen,Thursday ,10234472.7100
Livia Karsen,Thursday ,6349723.5400
Livia Karsen,Thursday ,12841915.8000
Livia Karsen,Thursday ,8751264.9800
Livia Karsen,Thursday ,10454570.0500
Livia Karsen,Thursday ,8205050.3000
Livia Karsen,Thursday ,20682034.4500
Livia Karsen,Thursday ,7417534.2800
Livia Karsen,Thursday ,12096807.7800
Livia Karsen,Thursday ,17248081.9600
Livia Karsen,Thursday ,17787288.3300
Marjorie Green,Thursday ,5785330.9000
Marjorie Green,Thursday ,8083320.0500
Marjorie Green,Thursday ,6156803.3000
Marjorie Green,Thursday ,5899630.3500
Marjorie Green,Thursday ,6003255.3500
Marjorie Green,Thursday ,7173597.2000
Marjorie Green,Thursday ,6298120.3000
Marjorie Green,Thursday ,5526268.4000
Marjorie Green,Thursday ,6193271.8500
Marjorie Green,Thursday ,5773657.3000
Marjorie Green,Thursday ,8916435.4500
Marjorie Green,Thursday ,5735074.9000
Marjorie Green,Thursday ,6349266.7000
Marjorie Green,Thursday ,6310684.3000
Meander Smith,Thursday ,6528750.9300
Meander Smith,Thursday ,3604904.4000
Meander Smith,Thursday ,3689975.3400
Meander Smith,Thursday ,5030449.7400
Meander Smith,Thursday ,2657194.2600
Meander Smith,Thursday ,4103633.7300
Meander Smith,Thursday ,4071171.7200
Meander Smith,Thursday ,2603838.1200
Meander Smith,Thursday ,3274075.3200
Meander Smith,Thursday ,2689656.2700
Meander Smith,Thursday ,5422466.7900
Meander Smith,Thursday ,5400825.4500
Meander Smith,Thursday ,5008061.1900
Michael O'Leary,Thursday ,7050881.8400
Michael O'Leary,Thursday ,8799863.5000
Michael O'Leary,Thursday ,5320218.5800
Michael O'Leary,Thursday ,7069200.2400
Michael O'Leary,Thursday ,15612606.1400
Michael O'Leary,Thursday ,16528313.3700
Michael O'Leary,Thursday ,6135174.6100
Michael O'Leary,Thursday ,6986767.4400
Michael O'Leary,Thursday ,8708271.5000
Michael O'Leary,Thursday ,11318005.1900
Michael O'Leary,Thursday ,6162652.2100
Michael O'Leary,Thursday ,11354641.9900
Michael O'Leary,Thursday ,12178757.2200
Michael O'Leary,Thursday ,6968449.0400
Michel DeFrance,Thursday ,32275153.8800
Michel DeFrance,Thursday ,40847992.1400
Michel DeFrance,Thursday ,29105263.9400
Michel DeFrance,Thursday ,34950861.9500
Michel DeFrance,Thursday ,33094121.0200
Michel DeFrance,Thursday ,35059969.8200
Michel DeFrance,Thursday ,35428121.6300
Michel DeFrance,Thursday ,37995312.7400
Michel DeFrance,Thursday ,36165016.1600
Michel DeFrance,Thursday ,28375769.4400
Michel DeFrance,Thursday ,28920892.5800
Michel DeFrance,Thursday ,32785667.0300
Michel DeFrance,Thursday ,36733105.0000
Michel DeFrance,Thursday ,39417569.6200
Morningstar Greene,Thursday ,3607996.1200
Morningstar Greene,Thursday ,4717371.1500
Morningstar Greene,Thursday ,4578076.7500
Morningstar Greene,Thursday ,4641148.7500
Morningstar Greene,Thursday ,5483560.5800
Morningstar Greene,Thursday ,5171491.7800
Morningstar Greene,Thursday ,6650676.0700
Morningstar Greene,Thursday ,3684969.8900
Morningstar Greene,Thursday ,3297526.6900
Morningstar Greene,Thursday ,2387217.2600
Morningstar Greene,Thursday ,3832120.2900
Morningstar Greene,Thursday ,6726898.4700
Morningstar Greene,Thursday ,3019260.4600
Morningstar Greene,Thursday ,3608747.4900
Reginald Blotchet-Halls,Thursday ,6254995.2000
Reginald Blotchet-Halls,Thursday ,7138658.4000
Reginald Blotchet-Halls,Thursday ,5688500.8000
Reginald Blotchet-Halls,Thursday ,5995240.8000
Reginald Blotchet-Halls,Thursday ,7018591.2000
Reginald Blotchet-Halls,Thursday ,8852520.0000
Reginald Blotchet-Halls,Thursday ,6232797.6000
Reginald Blotchet-Halls,Thursday ,6512127.2000
Reginald Blotchet-Halls,Thursday ,5775944.8000
Reginald Blotchet-Halls,Thursday ,5441791.2000
Reginald Blotchet-Halls,Thursday ,5406542.4000
Reginald Blotchet-Halls,Thursday ,6016130.4000
Reginald Blotchet-Halls,Thursday ,6068325.6000
Reginald Blotchet-Halls,Thursday ,7569412.0000
Sheryl Hunter,Thursday ,11937365.4900
Sheryl Hunter,Thursday ,5910034.4900
Sheryl Hunter,Thursday ,15700522.8800
Sheryl Hunter,Thursday ,11050922.1700
Sheryl Hunter,Thursday ,10002844.4100
Sheryl Hunter,Thursday ,8908239.9700
Sheryl Hunter,Thursday ,10268706.0300
Sheryl Hunter,Thursday ,11704136.8200
Sheryl Hunter,Thursday ,9922027.1900
Sheryl Hunter,Thursday ,12135772.4600
Sheryl Hunter,Thursday ,11234015.7400
Sheryl Hunter,Thursday ,10471014.6600
Sheryl Hunter,Thursday ,7948782.7500
Sheryl Hunter,Thursday ,11239868.2300
Stearns MacFeather,Thursday ,1920166.9700
Stearns MacFeather,Thursday ,1478363.7300
Stearns MacFeather,Thursday ,1632196.3300
Stearns MacFeather,Thursday ,900904.5100
Stearns MacFeather,Thursday ,1495209.0800
Stearns MacFeather,Thursday ,2198950.1100
Stearns MacFeather,Thursday ,1567317.5700
Stearns MacFeather,Thursday ,1952769.5100
Stearns MacFeather,Thursday ,1501965.8800
Stearns MacFeather,Thursday ,1522797.7200
Stearns MacFeather,Thursday ,1070764.6200
Stearns MacFeather,Thursday ,2362422.8900
Stearns MacFeather,Thursday ,1772104.8100
Stearns MacFeather,Thursday ,1209563.0300
Sylvia Panteley,Thursday ,7372080.4000
Sylvia Panteley,Thursday ,8308349.6000
Sylvia Panteley,Thursday ,6525847.4000
Sylvia Panteley,Thursday ,8020966.5000
Sylvia Panteley,Thursday ,3129777.6000
Sylvia Panteley,Thursday ,6245483.5000
Sylvia Panteley,Thursday ,4032663.0000
Sylvia Panteley,Thursday ,7812218.1000
Sylvia Panteley,Thursday ,7036646.2000
Sylvia Panteley,Thursday ,8097491.7000
Sylvia Panteley,Thursday ,7181275.5000
Sylvia Panteley,Thursday ,5706656.9000
Sylvia Panteley,Thursday ,6000764.6000
Sylvia Panteley,Thursday ,6120462.1000
Abraham Bennet,Friday   ,12097030.1000
Abraham Bennet,Friday   ,15053618.6700
Abraham Bennet,Friday   ,18453242.9700
Abraham Bennet,Friday   ,22160506.6600
Abraham Bennet,Friday   ,16393279.1100
Abraham Bennet,Friday   ,15841924.4800
Abraham Bennet,Friday   ,19036185.7500
Abraham Bennet,Friday   ,19424100.4900
Abraham Bennet,Friday   ,15885937.1200
Abraham Bennet,Friday   ,14243700.6300
Abraham Bennet,Friday   ,11573829.1600
Abraham Bennet,Friday   ,20784307.3600
Abraham Bennet,Friday   ,15688162.3600
Abraham Bennet,Friday   ,17299536.4900
Albert Ringer,Friday   ,30626186.8500
Albert Ringer,Friday   ,20830150.3700
Albert Ringer,Friday   ,33823705.7100
Albert Ringer,Friday   ,42404974.4300
Albert Ringer,Friday   ,27587804.5700
Albert Ringer,Friday   ,22418705.9000
Albert Ringer,Friday   ,21977012.9200
Albert Ringer,Friday   ,19411237.3200
Albert Ringer,Friday   ,29564483.1100
Albert Ringer,Friday   ,27369093.0900
Albert Ringer,Friday   ,19305994.8900
Albert Ringer,Friday   ,16731498.3900
Albert Ringer,Friday   ,19215082.1700
Albert Ringer,Friday   ,26226218.9300
Ann Dull,Friday   ,2102512.5800
Ann Dull,Friday   ,2579470.4500
Ann Dull,Friday   ,2233710.9000
Ann Dull,Friday   ,2310511.6800
Ann Dull,Friday   ,3445539.8300
Ann Dull,Friday   ,3150889.7500
Ann Dull,Friday   ,2453379.7400
Ann Dull,Friday   ,3298838.9500
Ann Dull,Friday   ,2947062.0200
Ann Dull,Friday   ,2673022.1100
Ann Dull,Friday   ,2475185.2900
Ann Dull,Friday   ,2508972.6600
Ann Dull,Friday   ,2502981.7500
Ann Dull,Friday   ,2751044.7400
Anne Ringer,Friday   ,4568793.2000
Anne Ringer,Friday   ,4035441.4000
Anne Ringer,Friday   ,2420638.0000
Anne Ringer,Friday   ,5414449.4000
Anne Ringer,Friday   ,5371493.6000
Anne Ringer,Friday   ,2583058.6000
Anne Ringer,Friday   ,4439925.8000
Anne Ringer,Friday   ,2301173.2000
Anne Ringer,Friday   ,2864944.0000
Anne Ringer,Friday   ,4075263.0000
Anne Ringer,Friday   ,3107007.8000
Anne Ringer,Friday   ,3024230.4000
Anne Ringer,Friday   ,3876155.0000
Anne Ringer,Friday   ,3670778.6000
Burt Gringlesby,Friday   ,12396158.4000
Burt Gringlesby,Friday   ,6525006.4000
Burt Gringlesby,Friday   ,6071936.8000
Burt Gringlesby,Friday   ,7883816.0000
Burt Gringlesby,Friday   ,6739985.6000
Burt Gringlesby,Friday   ,6058309.6000
Burt Gringlesby,Friday   ,9377480.0000
Burt Gringlesby,Friday   ,7188224.0000
Burt Gringlesby,Friday   ,7198332.8000
Burt Gringlesby,Friday   ,9451581.6000
Burt Gringlesby,Friday   ,6703814.4000
Burt Gringlesby,Friday   ,7821860.8000
Burt Gringlesby,Friday   ,6909708.8000
Burt Gringlesby,Friday   ,9033948.0000
Charlene Locksley,Friday   ,7236248.4600
Charlene Locksley,Friday   ,7047315.1200
Charlene Locksley,Friday   ,7692896.1000
Charlene Locksley,Friday   ,5983589.4600
Charlene Locksley,Friday   ,8595993.1800
Charlene Locksley,Friday   ,8603641.8300
Charlene Locksley,Friday   ,7208965.9200
Charlene Locksley,Friday   ,6623560.2300
Charlene Locksley,Friday   ,5107263.8100
Charlene Locksley,Friday   ,5822449.7700
Charlene Locksley,Friday   ,8337454.8600
Charlene Locksley,Friday   ,5637088.2000
Charlene Locksley,Friday   ,6865525.3200
Charlene Locksley,Friday   ,6999382.4700
Cheryl Carson,Friday   ,7064119.6200
Cheryl Carson,Friday   ,5236514.9800
Cheryl Carson,Friday   ,6102332.4000
Cheryl Carson,Friday   ,4217321.5600
Cheryl Carson,Friday   ,7714244.4000
Cheryl Carson,Friday   ,6165449.9400
Cheryl Carson,Friday   ,2962030.7200
Cheryl Carson,Friday   ,7589571.5000
Cheryl Carson,Friday   ,4038630.3400
Cheryl Carson,Friday   ,5622219.8800
Cheryl Carson,Friday   ,5397808.6600
Cheryl Carson,Friday   ,4800560.2800
Cheryl Carson,Friday   ,7095829.9600
Cheryl Carson,Friday   ,6466871.2400
Dean Straight,Friday   ,13483406.2000
Dean Straight,Friday   ,14156175.3600
Dean Straight,Friday   ,12347573.0000
Dean Straight,Friday   ,11611184.1600
Dean Straight,Friday   ,11428571.4200
Dean Straight,Friday   ,11802986.4400
Dean Straight,Friday   ,9310313.9200
Dean Straight,Friday   ,17244621.3600
Dean Straight,Friday   ,12901240.0200
Dean Straight,Friday   ,8523071.9400
Dean Straight,Friday   ,13490081.4000
Dean Straight,Friday   ,15440949.4200
Dean Straight,Friday   ,11468567.1200
Dean Straight,Friday   ,12840082.7400
Dirk Stringer,Friday   ,38354980.9500
Dirk Stringer,Friday   ,42933290.4000
Dirk Stringer,Friday   ,40281298.2000
Dirk Stringer,Friday   ,44635347.9000
Dirk Stringer,Friday   ,58845243.6000
Dirk Stringer,Friday   ,73081587.1500
Dirk Stringer,Friday   ,50414299.6500
Dirk Stringer,Friday   ,46310957.5500
Dirk Stringer,Friday   ,45361022.8500
Dirk Stringer,Friday   ,51865649.5500
Dirk Stringer,Friday   ,69453212.4000
Dirk Stringer,Friday   ,37629306.0000
Dirk Stringer,Friday   ,34502346.4500
Heather McBadden,Friday   ,15242538.0900
Heather McBadden,Friday   ,18008850.0900
Heather McBadden,Friday   ,15785433.2700
Heather McBadden,Friday   ,15250010.2400
Heather McBadden,Friday   ,9308707.0300
Heather McBadden,Friday   ,18790155.0900
Heather McBadden,Friday   ,24152400.0900
Heather McBadden,Friday   ,16117357.1200
Heather McBadden,Friday   ,20863702.2100
Heather McBadden,Friday   ,13259684.0600
Heather McBadden,Friday   ,19948616.1500
Heather McBadden,Friday   ,23142284.1500
Heather McBadden,Friday   ,18008817.1800
Heather McBadden,Friday   ,17990239.1200
Innes del Castillo,Friday   ,15600466.7100
Innes del Castillo,Friday   ,13253957.2200
Innes del Castillo,Friday   ,19607135.5200
Innes del Castillo,Friday   ,18388207.5600
Innes del Castillo,Friday   ,16974429.1500
Innes del Castillo,Friday   ,19425363.7200
Innes del Castillo,Friday   ,13099263.7800
Innes del Castillo,Friday   ,8974460.1900
Innes del Castillo,Friday   ,19283066.8500
Innes del Castillo,Friday   ,12072901.0500
Innes del Castillo,Friday   ,15899401.2000
Innes del Castillo,Friday   ,19453414.1700
Innes del Castillo,Friday   ,22031963.8200
Innes del Castillo,Friday   ,17752466.7900
Johnson White,Friday   ,8655160.6600
Johnson White,Friday   ,7663370.8150
Johnson White,Friday   ,4248019.7600
Johnson White,Friday   ,10412557.8450
Johnson White,Friday   ,8851944.9000
Johnson White,Friday   ,6767066.1000
Johnson White,Friday   ,4803816.1700
Johnson White,Friday   ,4653961.4250
Johnson White,Friday   ,4286612.2950
Johnson White,Friday   ,7209033.8900
Johnson White,Friday   ,6148318.8900
Johnson White,Friday   ,5525743.3100
Johnson White,Friday   ,6289168.2950
Johnson White,Friday   ,6243155.5150
Livia Karsen,Friday   ,13650635.8200
Livia Karsen,Friday   ,5015992.8400
Livia Karsen,Friday   ,9794278.0300
Livia Karsen,Friday   ,14598230.8700
Livia Karsen,Friday   ,15694253.9200
Livia Karsen,Friday   ,14211046.1900
Livia Karsen,Friday   ,14083822.1900
Livia Karsen,Friday   ,24432372.2400
Livia Karsen,Friday   ,8194448.3000
Livia Karsen,Friday   ,5342110.1800
Livia Karsen,Friday   ,12380517.1200
Livia Karsen,Friday   ,14264056.1900
Livia Karsen,Friday   ,12065001.7800
Livia Karsen,Friday   ,9212663.6600
Marjorie Green,Friday   ,6131675.3000
Marjorie Green,Friday   ,7377401.1500
Marjorie Green,Friday   ,8739316.0000
Marjorie Green,Friday   ,8970694.8500
Marjorie Green,Friday   ,11524966.5500
Marjorie Green,Friday   ,6079862.8000
Marjorie Green,Friday   ,6157136.3500
Marjorie Green,Friday   ,6630677.2500
Marjorie Green,Friday   ,7004039.2000
Marjorie Green,Friday   ,8199509.0500
Marjorie Green,Friday   ,7209399.6500
Marjorie Green,Friday   ,5041053.9000
Marjorie Green,Friday   ,4757529.5000
Meander Smith,Friday   ,2924593.7400
Meander Smith,Friday   ,1934348.1300
Meander Smith,Friday   ,3720942.9300
Meander Smith,Friday   ,3625798.5300
Meander Smith,Friday   ,3614977.8600
Meander Smith,Friday   ,3296463.8700
Meander Smith,Friday   ,5051343.8700
Meander Smith,Friday   ,4329244.9500
Meander Smith,Friday   ,5423214.0000
Meander Smith,Friday   ,2946235.0800
Meander Smith,Friday   ,5359784.4000
Meander Smith,Friday   ,3669828.4200
Meander Smith,Friday   ,2583691.2000
Meander Smith,Friday   ,5071490.7900
Michael O'Leary,Friday   ,11281368.3900
Michael O'Leary,Friday   ,10512208.3600
Michael O'Leary,Friday   ,11308845.9900
Michael O'Leary,Friday   ,7005085.8400
Michael O'Leary,Friday   ,9623978.7300
Michael O'Leary,Friday   ,11345482.7900
Michael O'Leary,Friday   ,7041722.6400
Michael O'Leary,Friday   ,12123802.0200
Michael O'Leary,Friday   ,6245085.0100
Michael O'Leary,Friday   ,16409243.7700
Michael O'Leary,Friday   ,7874997.0700
Michael O'Leary,Friday   ,11327164.3900
Michael O'Leary,Friday   ,10548845.1600
Michael O'Leary,Friday   ,9678933.9300
Michel DeFrance,Friday   ,26144242.2800
Michel DeFrance,Friday   ,36297855.3400
Michel DeFrance,Friday   ,31555947.1500
Michel DeFrance,Friday   ,30770233.4800
Michel DeFrance,Friday   ,36590743.6600
Michel DeFrance,Friday   ,29171005.2700
Michel DeFrance,Friday   ,38497660.2500
Michel DeFrance,Friday   ,35077657.6200
Michel DeFrance,Friday   ,40102931.9700
Michel DeFrance,Friday   ,21778476.8400
Michel DeFrance,Friday   ,39627794.4200
Michel DeFrance,Friday   ,37375691.7200
Michel DeFrance,Friday   ,29265313.0800
Michel DeFrance,Friday   ,41725125.8800
Morningstar Greene,Friday   ,4552353.5500
Morningstar Greene,Friday   ,4716619.7800
Morningstar Greene,Friday   ,5039426.1800
Morningstar Greene,Friday   ,4186326.3500
Morningstar Greene,Friday   ,7379985.5000
Morningstar Greene,Friday   ,4472252.7500
Morningstar Greene,Friday   ,6537856.2400
Morningstar Greene,Friday   ,4362031.9500
Morningstar Greene,Friday   ,3684168.9200
Morningstar Greene,Friday   ,4594294.9800
Morningstar Greene,Friday   ,2953676.4600
Morningstar Greene,Friday   ,4413428.7500
Morningstar Greene,Friday   ,3036425.8900
Morningstar Greene,Friday   ,3000297.2600
Reginald Blotchet-Halls,Friday   ,5796831.2000
Reginald Blotchet-Halls,Friday   ,6281097.6000
Reginald Blotchet-Halls,Friday   ,7822645.6000
Reginald Blotchet-Halls,Friday   ,6791456.8000
Reginald Blotchet-Halls,Friday   ,6594364.8000
Reginald Blotchet-Halls,Friday   ,7770450.4000
Reginald Blotchet-Halls,Friday   ,7263986.4000
Reginald Blotchet-Halls,Friday   ,7188272.8000
Reginald Blotchet-Halls,Friday   ,7599454.4000
Reginald Blotchet-Halls,Friday   ,7099514.4000
Reginald Blotchet-Halls,Friday   ,6606098.4000
Reginald Blotchet-Halls,Friday   ,6670075.2000
Reginald Blotchet-Halls,Friday   ,5728959.2000
Reginald Blotchet-Halls,Friday   ,7583774.4000
Sheryl Hunter,Friday   ,11428521.0500
Sheryl Hunter,Friday   ,10642403.2500
Sheryl Hunter,Friday   ,10758042.1700
Sheryl Hunter,Friday   ,7752326.6100
Sheryl Hunter,Friday   ,13234040.6400
Sheryl Hunter,Friday   ,9318709.7200
Sheryl Hunter,Friday   ,8931356.6900
Sheryl Hunter,Friday   ,15500165.0800
Sheryl Hunter,Friday   ,10486621.3000
Sheryl Hunter,Friday   ,10946988.2300
Sheryl Hunter,Friday   ,10081710.8000
Sheryl Hunter,Friday   ,10197349.7200
Sheryl Hunter,Friday   ,15548404.6700
Sheryl Hunter,Friday   ,13842917.3600
Stearns MacFeather,Friday   ,1826463.1400
Stearns MacFeather,Friday   ,1364834.6700
Stearns MacFeather,Friday   ,2351125.1200
Stearns MacFeather,Friday   ,2171012.2500
Stearns MacFeather,Friday   ,2159957.5900
Stearns MacFeather,Friday   ,2209182.6200
Stearns MacFeather,Friday   ,1235795.8400
Stearns MacFeather,Friday   ,2636996.6800
Stearns MacFeather,Friday   ,2048343.1500
Stearns MacFeather,Friday   ,2935073.4700
Stearns MacFeather,Friday   ,1539399.9600
Stearns MacFeather,Friday   ,2212901.4400
Stearns MacFeather,Friday   ,2050541.3800
Stearns MacFeather,Friday   ,1280808.8700
Sylvia Panteley,Friday   ,10983026.4000
Sylvia Panteley,Friday   ,5450303.7000
Sylvia Panteley,Friday   ,3521833.3000
Sylvia Panteley,Friday   ,4452269.3000
Sylvia Panteley,Friday   ,5999426.9000
Sylvia Panteley,Friday   ,6882227.2000
Sylvia Panteley,Friday   ,8665683.8000
Sylvia Panteley,Friday   ,4330758.1000
Sylvia Panteley,Friday   ,6597940.1000
Sylvia Panteley,Friday   ,6535635.9000
Sylvia Panteley,Friday   ,8815193.1000
Sylvia Panteley,Friday   ,6038580.9000
Sylvia Panteley,Friday   ,7195051.4000
Sylvia Panteley,Friday   ,5922870.8000
Abraham Bennet,Saturday ,15375995.2400
Abraham Bennet,Saturday ,19758892.5500
Abraham Bennet,Saturday ,16454101.8000
Abraham Bennet,Saturday ,14825772.5500
Abraham Bennet,Saturday ,13941920.8800
Abraham Bennet,Saturday ,13969145.0800
Abraham Bennet,Saturday ,13774826.3200
Abraham Bennet,Saturday ,17027948.3500
Abraham Bennet,Saturday ,14674933.6500
Abraham Bennet,Saturday ,14873160.9700
Abraham Bennet,Saturday ,11152562.9100
Abraham Bennet,Saturday ,22023196.1000
Abraham Bennet,Saturday ,12116144.5900
Abraham Bennet,Saturday ,19388450.0300
Albert Ringer,Saturday ,22810546.2500
Albert Ringer,Saturday ,28545150.7300
Albert Ringer,Saturday ,26821846.5200
Albert Ringer,Saturday ,28232645.2100
Albert Ringer,Saturday ,37100460.9300
Albert Ringer,Saturday ,25120896.2000
Albert Ringer,Saturday ,23325085.5800
Albert Ringer,Saturday ,26695341.2500
Albert Ringer,Saturday ,29061032.9100
Albert Ringer,Saturday ,20471624.2800
Albert Ringer,Saturday ,30130396.2900
Albert Ringer,Saturday ,14909343.4500
Albert Ringer,Saturday ,24009659.5200
Albert Ringer,Saturday ,21821393.0100
Ann Dull,Saturday ,2442619.7700
Ann Dull,Saturday ,2503579.4400
Ann Dull,Saturday ,2173634.5300
Ann Dull,Saturday ,2964124.9800
Ann Dull,Saturday ,2465335.0900
Ann Dull,Saturday ,2530492.6000
Ann Dull,Saturday ,3051685.7300
Ann Dull,Saturday ,2507724.3400
Ann Dull,Saturday ,3309598.9200
Ann Dull,Saturday ,2749225.2000
Ann Dull,Saturday ,2754279.8700
Ann Dull,Saturday ,2701130.6500
Ann Dull,Saturday ,3128798.5900
Ann Dull,Saturday ,2376552.4900
Anne Ringer,Saturday ,3998754.0000
Anne Ringer,Saturday ,2463593.8000
Anne Ringer,Saturday ,1372739.6000
Anne Ringer,Saturday ,4645302.2000
Anne Ringer,Saturday ,3474804.8000
Anne Ringer,Saturday ,3876155.0000
Anne Ringer,Saturday ,4522703.2000
Anne Ringer,Saturday ,3912842.4000
Anne Ringer,Saturday ,4240817.8000
Anne Ringer,Saturday ,1813911.4000
Anne Ringer,Saturday ,4038575.6000
Anne Ringer,Saturday ,2662701.8000
Anne Ringer,Saturday ,3597403.8000
Anne Ringer,Saturday ,3958932.4000
Burt Gringlesby,Saturday ,9119460.8000
Burt Gringlesby,Saturday ,6462772.8000
Burt Gringlesby,Saturday ,9946100.0000
Burt Gringlesby,Saturday ,7767976.8000
Burt Gringlesby,Saturday ,7440398.4000
Burt Gringlesby,Saturday ,7074889.6000
Burt Gringlesby,Saturday ,7201116.0000
Burt Gringlesby,Saturday ,8509103.2000
Burt Gringlesby,Saturday ,9537094.4000
Burt Gringlesby,Saturday ,7827427.2000
Burt Gringlesby,Saturday ,8075794.4000
Burt Gringlesby,Saturday ,5687234.4000
Burt Gringlesby,Saturday ,7031392.8000
Burt Gringlesby,Saturday ,6531308.0000
Charlene Locksley,Saturday ,7746438.9600
Charlene Locksley,Saturday ,6811471.3500
Charlene Locksley,Saturday ,6623049.1200
Charlene Locksley,Saturday ,8037358.9200
Charlene Locksley,Saturday ,7392289.0500
Charlene Locksley,Saturday ,5475437.4000
Charlene Locksley,Saturday ,9667878.6000
Charlene Locksley,Saturday ,5507819.0400
Charlene Locksley,Saturday ,4193968.5300
Charlene Locksley,Saturday ,8096511.9900
Charlene Locksley,Saturday ,7637314.8000
Charlene Locksley,Saturday ,8624803.0500
Charlene Locksley,Saturday ,6540696.3900
Charlene Locksley,Saturday ,8152604.4000
Cheryl Carson,Saturday ,6985166.7200
Cheryl Carson,Saturday ,3513178.4600
Cheryl Carson,Saturday ,4917315.5000
Cheryl Carson,Saturday ,6437787.5000
Cheryl Carson,Saturday ,5057062.4800
Cheryl Carson,Saturday ,4345382.3400
Cheryl Carson,Saturday ,4743154.0800
Cheryl Carson,Saturday ,5136776.6600
Cheryl Carson,Saturday ,3757193.5600
Cheryl Carson,Saturday ,6301428.4000
Cheryl Carson,Saturday ,4742773.4400
Cheryl Carson,Saturday ,5185884.5400
Cheryl Carson,Saturday ,4796030.4800
Cheryl Carson,Saturday ,3305784.1400
Dean Straight,Saturday ,16347576.3000
Dean Straight,Saturday ,15976346.4400
Dean Straight,Saturday ,14103508.3400
Dean Straight,Saturday ,9688193.1200
Dean Straight,Saturday ,12712366.4800
Dean Straight,Saturday ,13679021.0000
Dean Straight,Saturday ,11858311.6600
Dean Straight,Saturday ,6822582.6400
Dean Straight,Saturday ,11404979.6400
Dean Straight,Saturday ,16832765.4000
Dean Straight,Saturday ,11613079.1400
Dean Straight,Saturday ,11136247.2600
Dean Straight,Saturday ,12967664.3200
Dean Straight,Saturday ,10952102.2200
Dirk Stringer,Saturday ,67526895.1500
Dirk Stringer,Saturday ,56918926.3500
Dirk Stringer,Saturday ,35702988.7500
Dirk Stringer,Saturday ,48738690.0000
Dirk Stringer,Saturday ,39331363.5000
Dirk Stringer,Saturday ,34726606.2000
Dirk Stringer,Saturday ,52564876.6500
Dirk Stringer,Saturday ,60520853.2500
Dirk Stringer,Saturday ,61022268.4500
Dirk Stringer,Saturday ,54042674.4000
Dirk Stringer,Saturday ,68978245.0500
Dirk Stringer,Saturday ,56443959.0000
Dirk Stringer,Saturday ,36177956.1000
Dirk Stringer,Saturday ,51865649.5500
Heather McBadden,Saturday ,15587778.0900
Heather McBadden,Saturday ,23529386.2400
Heather McBadden,Saturday ,19217981.1500
Heather McBadden,Saturday ,19659611.1500
Heather McBadden,Saturday ,17366856.2700
Heather McBadden,Saturday ,20766207.0900
Heather McBadden,Saturday ,14670317.1500
Heather McBadden,Saturday ,22401457.1200
Heather McBadden,Saturday ,21536718.0900
Heather McBadden,Saturday ,18556996.1200
Heather McBadden,Saturday ,18972321.0900
Heather McBadden,Saturday ,23217666.2700
Heather McBadden,Saturday ,9745042.2100
Heather McBadden,Saturday ,15663193.1200
Innes del Castillo,Saturday ,14835166.6800
Innes del Castillo,Saturday ,21163210.8000
Innes del Castillo,Saturday ,16093910.6100
Innes del Castillo,Saturday ,18309888.7500
Innes del Castillo,Saturday ,14330929.3500
Innes del Castillo,Saturday ,26517735.7800
Innes del Castillo,Saturday ,13487310.5100
Innes del Castillo,Saturday ,13954648.1400
Innes del Castillo,Saturday ,16727707.2000
Innes del Castillo,Saturday ,16754785.5600
Innes del Castillo,Saturday ,24650329.4400
Innes del Castillo,Saturday ,16171257.3300
Innes del Castillo,Saturday ,12850597.6500
Innes del Castillo,Saturday ,19917835.5300
Johnson White,Saturday ,4441360.1150
Johnson White,Saturday ,7499285.1000
Johnson White,Saturday ,8176560.5250
Johnson White,Saturday ,5823442.5450
Johnson White,Saturday ,7105266.7250
Johnson White,Saturday ,5911913.6050
Johnson White,Saturday ,7234797.6250
Johnson White,Saturday ,5853452.0300
Johnson White,Saturday ,5595191.7250
Johnson White,Saturday ,6724852.0450
Johnson White,Saturday ,5667716.2800
Johnson White,Saturday ,6605222.2250
Johnson White,Saturday ,6823514.4250
Johnson White,Saturday ,8493385.2400
Livia Karsen,Saturday ,11525795.4100
Livia Karsen,Saturday ,935944.0200
Livia Karsen,Saturday ,21008151.7900
Livia Karsen,Saturday ,6374521.2300
Livia Karsen,Saturday ,12348711.1200
Livia Karsen,Saturday ,2347482.4100
Livia Karsen,Saturday ,12611216.4600
Livia Karsen,Saturday ,16758470.9700
Livia Karsen,Saturday ,11032590.7300
Livia Karsen,Saturday ,9826084.0300
Livia Karsen,Saturday ,11085600.7300
Livia Karsen,Saturday ,10748881.3900
Livia Karsen,Saturday ,5069002.8400
Marjorie Green,Saturday ,6657361.7500
Marjorie Green,Saturday ,7583094.6500
Marjorie Green,Saturday ,8944343.4000
Marjorie Green,Saturday ,7259988.7000
Marjorie Green,Saturday ,8429107.1000
Marjorie Green,Saturday ,7212179.6000
Marjorie Green,Saturday ,8826930.9500
Marjorie Green,Saturday ,5322131.4000
Marjorie Green,Saturday ,4578187.4500
Marjorie Green,Saturday ,6914534.7000
Marjorie Green,Saturday ,5272208.4500
Marjorie Green,Saturday ,5232626.9000
Marjorie Green,Saturday ,6593318.3000
Marjorie Green,Saturday ,6477129.3000
Meander Smith,Saturday ,2615406.0000
Meander Smith,Saturday ,5380678.5300
Meander Smith,Saturday ,6476142.0000
Meander Smith,Saturday ,4029383.4600
Meander Smith,Saturday ,3318105.2100
Meander Smith,Saturday ,3658260.5400
Meander Smith,Saturday ,4370286.0000
Meander Smith,Saturday ,2710550.4000
Meander Smith,Saturday ,2914520.2800
Meander Smith,Saturday ,3254675.6100
Meander Smith,Saturday ,2648615.2200
Meander Smith,Saturday ,3265496.2800
Meander Smith,Saturday ,4166316.1200
Meander Smith,Saturday ,4285962.2700
Michael O'Leary,Saturday ,7911633.8700
Michael O'Leary,Saturday ,13030350.0500
Michael O'Leary,Saturday ,9605660.3300
Michael O'Leary,Saturday ,6977608.2400
Michael O'Leary,Saturday ,9596501.1300
Michael O'Leary,Saturday ,7142473.8400
Michael O'Leary,Saturday ,8735749.1000
Michael O'Leary,Saturday ,9614819.5300
Michael O'Leary,Saturday ,8772385.9000
Michael O'Leary,Saturday ,12187916.4200
Michael O'Leary,Saturday ,8726589.9000
Michael O'Leary,Saturday ,12206234.8200
Michael O'Leary,Saturday ,7014245.0400
Michel DeFrance,Saturday ,28461320.7000
Michel DeFrance,Saturday ,25198479.4700
Michel DeFrance,Saturday ,29950675.4300
Michel DeFrance,Saturday ,39777555.7900
Michel DeFrance,Saturday ,40087366.3000
Michel DeFrance,Saturday ,30527520.8200
Michel DeFrance,Saturday ,34065562.5700
Michel DeFrance,Saturday ,43089807.0700
Michel DeFrance,Saturday ,31455595.8300
Michel DeFrance,Saturday ,34114972.6200
Michel DeFrance,Saturday ,25182913.8000
Michel DeFrance,Saturday ,40957100.0100
Michel DeFrance,Saturday ,36038220.4900
Michel DeFrance,Saturday ,41667550.1900
Morningstar Greene,Saturday ,5220279.9500
Morningstar Greene,Saturday ,3480842.8600
Morningstar Greene,Saturday ,3510680.2900
Morningstar Greene,Saturday ,3640566.0600
Morningstar Greene,Saturday ,4807212.7500
Morningstar Greene,Saturday ,6392885.6700
Morningstar Greene,Saturday ,4308651.1500
Morningstar Greene,Saturday ,7003798.3000
Morningstar Greene,Saturday ,3911420.1200
Morningstar Greene,Saturday ,3482025.8900
Morningstar Greene,Saturday ,4331296.9200
Morningstar Greene,Saturday ,5286429.3800
Morningstar Greene,Saturday ,5711895.6100
Morningstar Greene,Saturday ,3510729.8900
Reginald Blotchet-Halls,Saturday ,8193362.4000
Reginald Blotchet-Halls,Saturday ,6198860.0000
Reginald Blotchet-Halls,Saturday ,4663839.2000
Reginald Blotchet-Halls,Saturday ,5816409.6000
Reginald Blotchet-Halls,Saturday ,5795520.0000
Reginald Blotchet-Halls,Saturday ,8026261.6000
Reginald Blotchet-Halls,Saturday ,6636137.6000
Reginald Blotchet-Halls,Saturday ,6125778.4000
Reginald Blotchet-Halls,Saturday ,6068325.6000
Reginald Blotchet-Halls,Saturday ,6794085.6000
Reginald Blotchet-Halls,Saturday ,6363332.0000
Reginald Blotchet-Halls,Saturday ,7372320.0000
Reginald Blotchet-Halls,Saturday ,5884278.4000
Reginald Blotchet-Halls,Saturday ,8513153.6000
Sheryl Hunter,Saturday ,9097186.0300
Sheryl Hunter,Saturday ,10748288.0200
Sheryl Hunter,Saturday ,12394124.0000
Sheryl Hunter,Saturday ,11446078.5200
Sheryl Hunter,Saturday ,5844530.6700
Sheryl Hunter,Saturday ,9800535.7800
Sheryl Hunter,Saturday ,8442020.5500
Sheryl Hunter,Saturday ,9889156.3200
Sheryl Hunter,Saturday ,12293798.4800
Sheryl Hunter,Saturday ,11792757.3600
Sheryl Hunter,Saturday ,10285970.2600
Sheryl Hunter,Saturday ,9682946.0300
Sheryl Hunter,Saturday ,10270656.8600
Sheryl Hunter,Saturday ,11814216.4900
Stearns MacFeather,Saturday ,2740293.2300
Stearns MacFeather,Saturday ,1740547.2800
Stearns MacFeather,Saturday ,2583066.4700
Stearns MacFeather,Saturday ,1622234.1400
Stearns MacFeather,Saturday ,2820825.7200
Stearns MacFeather,Saturday ,2595476.9600
Stearns MacFeather,Saturday ,1485325.7900
Stearns MacFeather,Saturday ,1490873.3700
Stearns MacFeather,Saturday ,1774138.8300
Stearns MacFeather,Saturday ,2270691.7800
Stearns MacFeather,Saturday ,1815881.4100
Stearns MacFeather,Saturday ,1549012.9300
Stearns MacFeather,Saturday ,1893787.5500
Stearns MacFeather,Saturday ,1241692.6400
Sylvia Panteley,Saturday ,6689577.7000
Sylvia Panteley,Saturday ,5946466.1000
Sylvia Panteley,Saturday ,4041052.0000
Sylvia Panteley,Saturday ,4789549.3000
Sylvia Panteley,Saturday ,5889995.1000
Sylvia Panteley,Saturday ,5516594.1000
Sylvia Panteley,Saturday ,7277409.8000
Sylvia Panteley,Saturday ,8232301.6000
Sylvia Panteley,Saturday ,7592016.8000
Sylvia Panteley,Saturday ,8589635.8000
Sylvia Panteley,Saturday ,7493591.6000
Sylvia Panteley,Saturday ,4654262.2000
Sylvia Panteley,Saturday ,6145872.3000
Sylvia Panteley,Saturday ,4239565.6000
Abraham Bennet,Sunday   ,11139121.3400
Abraham Bennet,Sunday   ,12096793.0300
Abraham Bennet,Sunday   ,10446275.0500
Abraham Bennet,Sunday   ,23145398.5200
Abraham Bennet,Sunday   ,16908574.7700
Abraham Bennet,Sunday   ,20147122.4500
Abraham Bennet,Sunday   ,15079772.9900
Abraham Bennet,Sunday   ,21347937.4800
Abraham Bennet,Sunday   ,12580195.4800
Abraham Bennet,Sunday   ,21066885.4000
Abraham Bennet,Sunday   ,15311395.9500
Abraham Bennet,Sunday   ,16683061.4400
Abraham Bennet,Sunday   ,16587824.9700
Abraham Bennet,Sunday   ,19788389.6100
Albert Ringer,Sunday   ,22224893.9400
Albert Ringer,Sunday   ,19176578.9600
Albert Ringer,Sunday   ,29064581.8900
Albert Ringer,Sunday   ,26545905.1000
Albert Ringer,Sunday   ,28737232.0500
Albert Ringer,Sunday   ,28183503.5600
Albert Ringer,Sunday   ,24169694.0000
Albert Ringer,Sunday   ,24462883.8000
Albert Ringer,Sunday   ,20860615.3500
Albert Ringer,Sunday   ,31030883.8000
Albert Ringer,Sunday   ,36161874.3500
Albert Ringer,Sunday   ,20192636.6900
Albert Ringer,Sunday   ,26001204.6500
Albert Ringer,Sunday   ,26172998.6800
Ann Dull,Sunday   ,2677479.0900
Ann Dull,Sunday   ,2255828.5300
Ann Dull,Sunday   ,1844599.3900
Ann Dull,Sunday   ,2048141.5100
Ann Dull,Sunday   ,2426778.6600
Ann Dull,Sunday   ,2634777.7600
Ann Dull,Sunday   ,3293160.1200
Ann Dull,Sunday   ,2030766.4700
Ann Dull,Sunday   ,2916030.4300
Ann Dull,Sunday   ,1987467.4500
Ann Dull,Sunday   ,2519706.1600
Ann Dull,Sunday   ,2152426.6700
Ann Dull,Sunday   ,2651216.5600
Ann Dull,Sunday   ,2699908.8000
Anne Ringer,Sunday   ,2420638.0000
Anne Ringer,Sunday   ,3796511.8000
Anne Ringer,Sunday   ,3919110.8000
Anne Ringer,Sunday   ,3591135.4000
Anne Ringer,Sunday   ,5533914.2000
Anne Ringer,Sunday   ,3670778.6000
Anne Ringer,Sunday   ,4360282.6000
Anne Ringer,Sunday   ,3839467.6000
Anne Ringer,Sunday   ,2540102.8000
Anne Ringer,Sunday   ,3551313.8000
Anne Ringer,Sunday   ,3107007.8000
Anne Ringer,Sunday   ,2745479.2000
Anne Ringer,Sunday   ,2665836.0000
Anne Ringer,Sunday   ,3309250.0000
Burt Gringlesby,Sunday   ,6428360.8000
Burt Gringlesby,Sunday   ,7253240.8000
Burt Gringlesby,Sunday   ,7891141.6000
Burt Gringlesby,Sunday   ,4517341.6000
Burt Gringlesby,Sunday   ,12109293.6000
Burt Gringlesby,Sunday   ,6122302.4000
Burt Gringlesby,Sunday   ,7868140.8000
Burt Gringlesby,Sunday   ,9645608.0000
Burt Gringlesby,Sunday   ,11687396.0000
Burt Gringlesby,Sunday   ,10530395.2000
Burt Gringlesby,Sunday   ,5524836.8000
Burt Gringlesby,Sunday   ,8856899.2000
Burt Gringlesby,Sunday   ,6283397.6000
Burt Gringlesby,Sunday   ,8063926.4000
Charlene Locksley,Sunday   ,8469273.5700
Charlene Locksley,Sunday   ,5322457.4700
Charlene Locksley,Sunday   ,6061865.3100
Charlene Locksley,Sunday   ,6894335.1900
Charlene Locksley,Sunday   ,6628659.3300
Charlene Locksley,Sunday   ,7024115.4600
Charlene Locksley,Sunday   ,7157972.6100
Charlene Locksley,Sunday   ,5770945.3500
Charlene Locksley,Sunday   ,6520551.3900
Charlene Locksley,Sunday   ,5317358.3700
Charlene Locksley,Sunday   ,5829587.3100
Charlene Locksley,Sunday   ,7676322.8700
Charlene Locksley,Sunday   ,6279608.5200
Charlene Locksley,Sunday   ,8792064.0600
Cheryl Carson,Sunday   ,4217321.5600
Cheryl Carson,Sunday   ,5029120.6600
Cheryl Carson,Sunday   ,4349912.1400
Cheryl Carson,Sunday   ,4847041.5600
Cheryl Carson,Sunday   ,5687163.1200
Cheryl Carson,Sunday   ,5157942.7200
Cheryl Carson,Sunday   ,4764320.1400
Cheryl Carson,Sunday   ,7449443.8800
Cheryl Carson,Sunday   ,5755571.7400
Cheryl Carson,Sunday   ,2969948.4000
Cheryl Carson,Sunday   ,6102332.4000
Cheryl Carson,Sunday   ,3624983.6200
Cheryl Carson,Sunday   ,4983781.3000
Cheryl Carson,Sunday   ,4614712.6600
Dean Straight,Sunday   ,11637356.0800
Dean Straight,Sunday   ,13269405.5400
Dean Straight,Sunday   ,13603649.2800
Dean Straight,Sunday   ,12166342.5800
Dean Straight,Sunday   ,11449234.4600
Dean Straight,Sunday   ,10020219.4000
Dean Straight,Sunday   ,16059511.2600
Dean Straight,Sunday   ,14816544.2200
Dean Straight,Sunday   ,10217006.8600
Dean Straight,Sunday   ,14096844.1800
Dean Straight,Sunday   ,10265667.7000
Dean Straight,Sunday   ,10474760.9800
Dean Straight,Sunday   ,14025328.7000
Dean Straight,Sunday   ,14771134.6000
Dirk Stringer,Sunday   ,52089909.3000
Dirk Stringer,Sunday   ,48013015.0500
Dirk Stringer,Sunday   ,50889267.0000
Dirk Stringer,Sunday   ,49213657.3500
Dirk Stringer,Sunday   ,39080655.9000
Dirk Stringer,Sunday   ,32576029.2000
Dirk Stringer,Sunday   ,57644601.3000
Dirk Stringer,Sunday   ,45361022.8500
Dirk Stringer,Sunday   ,79111246.5000
Dirk Stringer,Sunday   ,50190039.9000
Dirk Stringer,Sunday   ,51139974.6000
Dirk Stringer,Sunday   ,48962949.7500
Dirk Stringer,Sunday   ,36903631.0500
Heather McBadden,Sunday   ,21099203.1500
Heather McBadden,Sunday   ,22654923.0900
Heather McBadden,Sunday   ,17251073.1500
Heather McBadden,Sunday   ,11075161.0300
Heather McBadden,Sunday   ,14195121.0900
Heather McBadden,Sunday   ,20044773.1800
Heather McBadden,Sunday   ,22672407.0900
Heather McBadden,Sunday   ,16690650.2700
Heather McBadden,Sunday   ,23989939.1200
Heather McBadden,Sunday   ,13424900.1500
Heather McBadden,Sunday   ,19910010.0900
Heather McBadden,Sunday   ,19618307.0600
Heather McBadden,Sunday   ,23060992.2100
Heather McBadden,Sunday   ,20770924.1200
Innes del Castillo,Sunday   ,24353339.1300
Innes del Castillo,Sunday   ,13332276.0300
Innes del Castillo,Sunday   ,11723357.1600
Innes del Castillo,Sunday   ,17649985.8900
Innes del Castillo,Sunday   ,27101264.0100
Innes del Castillo,Sunday   ,15510382.3800
Innes del Castillo,Sunday   ,14303850.9900
Innes del Castillo,Sunday   ,13992519.9300
Innes del Castillo,Sunday   ,20034998.2200
Innes del Castillo,Sunday   ,18076535.4600
Innes del Castillo,Sunday   ,22265948.1600
Innes del Castillo,Sunday   ,16351425.9900
Innes del Castillo,Sunday   ,10363735.4700
Innes del Castillo,Sunday   ,19619873.1300
Johnson White,Sunday   ,8618642.3550
Johnson White,Sunday   ,5458343.4150
Johnson White,Sunday   ,6343055.0700
Johnson White,Sunday   ,4086606.3350
Johnson White,Sunday   ,5108511.9250
Johnson White,Sunday   ,7642386.1150
Johnson White,Sunday   ,4247426.1800
Johnson White,Sunday   ,6795008.0800
Johnson White,Sunday   ,6565113.4800
Johnson White,Sunday   ,8991390.7000
Johnson White,Sunday   ,5826804.9050
Johnson White,Sunday   ,5505380.2250
Johnson White,Sunday   ,5725852.1050
Johnson White,Sunday   ,8019463.1700
Livia Karsen,Sunday   ,16208662.6000
Livia Karsen,Sunday   ,10833697.3900
Livia Karsen,Sunday   ,11053794.7300
Livia Karsen,Sunday   ,2713463.0900
Livia Karsen,Sunday   ,4082593.4800
Livia Karsen,Sunday   ,16850295.2800
Livia Karsen,Sunday   ,8950158.3200
Livia Karsen,Sunday   ,8388957.7100
Livia Karsen,Sunday   ,10539386.0500
Livia Karsen,Sunday   ,12065001.7800
Livia Karsen,Sunday   ,8205050.3000
Livia Karsen,Sunday   ,14452347.5300
Livia Karsen,Sunday   ,3479775.1100
Livia Karsen,Sunday   ,10152201.3700
Marjorie Green,Sunday   ,8710741.9500
Marjorie Green,Sunday   ,5143455.4500
Marjorie Green,Sunday   ,8982035.4000
Marjorie Green,Sunday   ,4950325.9500
Marjorie Green,Sunday   ,5592534.4500
Marjorie Green,Sunday   ,8958796.9500
Marjorie Green,Sunday   ,6375060.8000
Marjorie Green,Sunday   ,7659702.1000
Marjorie Green,Sunday   ,9097000.9500
Marjorie Green,Sunday   ,5411968.9500
Marjorie Green,Sunday   ,8661152.0500
Marjorie Green,Sunday   ,9673833.8000
Marjorie Green,Sunday   ,8532066.0000
Marjorie Green,Sunday   ,7066859.2000
Meander Smith,Sunday   ,1934348.1300
Meander Smith,Sunday   ,4679473.7400
Meander Smith,Sunday   ,3233034.2700
Meander Smith,Sunday   ,4710441.3300
Meander Smith,Sunday   ,2925340.9500
Meander Smith,Sunday   ,2668014.9300
Meander Smith,Sunday   ,3720195.7200
Meander Smith,Sunday   ,4350139.0800
Meander Smith,Sunday   ,4987914.2700
Meander Smith,Sunday   ,4007742.1200
Meander Smith,Sunday   ,5072238.0000
Meander Smith,Sunday   ,3338252.1300
Meander Smith,Sunday   ,6371671.3500
Michael O'Leary,Sunday   ,7948270.6700
Michael O'Leary,Sunday   ,12169598.0200
Michael O'Leary,Sunday   ,7920793.0700
Michael O'Leary,Sunday   ,13048668.4500
Michael O'Leary,Sunday   ,6995926.6400
Michael O'Leary,Sunday   ,12197075.6200
Michael O'Leary,Sunday   ,13946057.2800
Michael O'Leary,Sunday   ,9569023.5300
Michael O'Leary,Sunday   ,6968449.0400
Michael O'Leary,Sunday   ,7911633.8700
Michael O'Leary,Sunday   ,6199289.0100
Michael O'Leary,Sunday   ,5329377.7800
Michael O'Leary,Sunday   ,6153493.0100
Michael O'Leary,Sunday   ,9623978.7300
Michel DeFrance,Sunday   ,35110145.4800
Michel DeFrance,Sunday   ,34140826.0600
Michel DeFrance,Sunday   ,25525977.7800
Michel DeFrance,Sunday   ,40304991.1300
Michel DeFrance,Sunday   ,22038111.6900
Michel DeFrance,Sunday   ,29472650.1400
Michel DeFrance,Sunday   ,36665241.5400
Michel DeFrance,Sunday   ,25567987.8000
Michel DeFrance,Sunday   ,33035779.7200
Michel DeFrance,Sunday   ,38532270.2400
Michel DeFrance,Sunday   ,35135998.9200
Michel DeFrance,Sunday   ,19670857.6100
Michel DeFrance,Sunday   ,32944950.5600
Michel DeFrance,Sunday   ,30175700.2900
Morningstar Greene,Sunday   ,3663125.0900
Morningstar Greene,Sunday   ,6506739.4400
Morningstar Greene,Sunday   ,3626909.7200
Morningstar Greene,Sunday   ,5111770.1800
Morningstar Greene,Sunday   ,4416310.3500
Morningstar Greene,Sunday   ,4548475.1500
Morningstar Greene,Sunday   ,6036363.4400
Morningstar Greene,Sunday   ,4933133.3800
Morningstar Greene,Sunday   ,5083447.9500
Morningstar Greene,Sunday   ,3687481.8900
Morningstar Greene,Sunday   ,4895256.5800
Morningstar Greene,Sunday   ,5788118.0100
Morningstar Greene,Sunday   ,3604400.2900
Morningstar Greene,Sunday   ,6571522.4700
Reginald Blotchet-Halls,Sunday   ,4650788.0000
Reginald Blotchet-Halls,Sunday   ,5577538.4000
Reginald Blotchet-Halls,Sunday   ,5542286.4000
Reginald Blotchet-Halls,Sunday   ,4458905.6000
Reginald Blotchet-Halls,Sunday   ,6384218.4000
Reginald Blotchet-Halls,Sunday   ,7680374.4000
Reginald Blotchet-Halls,Sunday   ,4474582.4000
Reginald Blotchet-Halls,Sunday   ,6035702.4000
Reginald Blotchet-Halls,Sunday   ,5591900.8000
Reginald Blotchet-Halls,Sunday   ,5257747.2000
Reginald Blotchet-Halls,Sunday   ,6151874.4000
Reginald Blotchet-Halls,Sunday   ,5828143.2000
Reginald Blotchet-Halls,Sunday   ,6589152.0000
Reginald Blotchet-Halls,Sunday   ,6273259.2000
Sheryl Hunter,Sunday   ,12103194.8300
Sheryl Hunter,Sunday   ,8621212.4600
Sheryl Hunter,Sunday   ,11709989.3100
Sheryl Hunter,Sunday   ,9106646.9400
Sheryl Hunter,Sunday   ,11135641.0500
Sheryl Hunter,Sunday   ,13814241.3900
Sheryl Hunter,Sunday   ,10389904.2000
Sheryl Hunter,Sunday   ,7657560.3400
Sheryl Hunter,Sunday   ,10941135.7400
Sheryl Hunter,Sunday   ,8339744.2000
Sheryl Hunter,Sunday   ,14324743.4200
Sheryl Hunter,Sunday   ,10199300.5500
Sheryl Hunter,Sunday   ,9971924.3700
Stearns MacFeather,Sunday   ,1514356.1200
Stearns MacFeather,Sunday   ,2987809.4100
Stearns MacFeather,Sunday   ,1736684.5000
Stearns MacFeather,Sunday   ,1993590.7900
Stearns MacFeather,Sunday   ,2230856.8600
Stearns MacFeather,Sunday   ,2144324.1100
Stearns MacFeather,Sunday   ,1732125.9300
Stearns MacFeather,Sunday   ,1703588.7800
Stearns MacFeather,Sunday   ,1812782.1300
Stearns MacFeather,Sunday   ,2923629.0900
Stearns MacFeather,Sunday   ,1358940.5200
Stearns MacFeather,Sunday   ,2202792.6400
Stearns MacFeather,Sunday   ,1294284.6200
Stearns MacFeather,Sunday   ,1795669.1100
Sylvia Panteley,Sunday   ,4138076.5000
Sylvia Panteley,Sunday   ,8452502.9000
Sylvia Panteley,Sunday   ,8598979.2000
Sylvia Panteley,Sunday   ,8478835.4000
Sylvia Panteley,Sunday   ,7122513.6000
Sylvia Panteley,Sunday   ,6422989.7000
Sylvia Panteley,Sunday   ,7325397.9000
Sylvia Panteley,Sunday   ,7657354.0000
Sylvia Panteley,Sunday   ,8044084.6000
Sylvia Panteley,Sunday   ,6586750.9000
Sylvia Panteley,Sunday   ,7224894.1000
Sylvia Panteley,Sunday   ,5468989.3000
Sylvia Panteley,Sunday   ,4033109.3000
Sylvia Panteley,Sunday   ,5782735.8000
Akiko Yokomoto,,
Abraham Bennet,Monday   ,231845241
Albert Ringer,Monday   ,392378038
Ann Dull,Monday   ,39656842
Anne Ringer,Monday   ,53386961
Burt Gringlesby,Monday   ,118429815
Charlene Locksley,Monday   ,108450663
Cheryl Carson,Monday   ,77977657
Dean Straight,Monday   ,192550177
Dirk Stringer,Monday   ,759341454
Heather McBadden,Monday   ,293014643
Innes del Castillo,Monday   ,260992756
Johnson White,Monday   ,98560782
Livia Karsen,Monday   ,132386625
Marjorie Green,Monday   ,97539868
Meander Smith,Monday   ,52160238
Michael O'Leary,Monday   ,138096278
Michel DeFrance,Monday   ,479584921
Morningstar Greene,Monday   ,67381291
Reginald Blotchet-Halls,Monday   ,103178571
Sheryl Hunter,Monday   ,153301531
Stearns MacFeather,Monday   ,30778276
Sylvia Panteley,Monday   ,96399427
Abraham Bennet,Tuesday  ,259058032
Albert Ringer,Tuesday  ,419021705
Ann Dull,Tuesday  ,38097808
Anne Ringer,Tuesday  ,55417862
Burt Gringlesby,Tuesday  ,114454018
Charlene Locksley,Tuesday  ,102419646
Cheryl Carson,Tuesday  ,76905547
Dean Straight,Tuesday  ,183459092
Dirk Stringer,Tuesday  ,734550038
Heather McBadden,Tuesday  ,267891418
Innes del Castillo,Tuesday  ,285473369
Johnson White,Tuesday  ,100275590
Livia Karsen,Tuesday  ,145696078
Marjorie Green,Tuesday  ,102488971
Meander Smith,Tuesday  ,63913954
Michael O'Leary,Tuesday  ,125258271
Michel DeFrance,Tuesday  ,467420387
Morningstar Greene,Tuesday  ,67737441
Reginald Blotchet-Halls,Tuesday  ,89298154
Sheryl Hunter,Tuesday  ,163754751
Stearns MacFeather,Tuesday  ,31056506
Sylvia Panteley,Tuesday  ,99289901
Abraham Bennet,Wednesday,214842815
Albert Ringer,Wednesday,403718425
Ann Dull,Wednesday,35589006
Anne Ringer,Wednesday,46106241
Burt Gringlesby,Wednesday,119047498
Charlene Locksley,Wednesday,106731411
Cheryl Carson,Wednesday,66729907
Dean Straight,Wednesday,168092852
Dirk Stringer,Wednesday,642376642
Heather McBadden,Wednesday,249479672
Innes del Castillo,Wednesday,245730068
Johnson White,Wednesday,89036569
Livia Karsen,Wednesday,156662691
Marjorie Green,Wednesday,94949352
Meander Smith,Wednesday,49655899
Michael O'Leary,Wednesday,134525041
Michel DeFrance,Wednesday,439203901
Morningstar Greene,Wednesday,64838804
Reginald Blotchet-Halls,Wednesday,80548671
Sheryl Hunter,Wednesday,140290965
Stearns MacFeather,Wednesday,24953855
Sylvia Panteley,Wednesday,85876351
Abraham Bennet,Thursday ,226133921
Albert Ringer,Thursday ,405676715
Ann Dull,Thursday ,36627442
Anne Ringer,Thursday ,55678731
Burt Gringlesby,Thursday ,103250742
Charlene Locksley,Thursday ,102081558
Cheryl Carson,Thursday ,70730736
Dean Straight,Thursday ,182913508
Dirk Stringer,Thursday ,693463721
Heather McBadden,Thursday ,289587876
Innes del Castillo,Thursday ,247744631
Johnson White,Thursday ,91715665
Livia Karsen,Thursday ,168820566
Marjorie Green,Thursday ,90204716
Meander Smith,Thursday ,56688841
Michael O'Leary,Thursday ,130193803
Michel DeFrance,Thursday ,481154817
Morningstar Greene,Thursday ,61407062
Reginald Blotchet-Halls,Thursday ,89971578
Sheryl Hunter,Thursday ,148434253
Stearns MacFeather,Thursday ,22585497
Sylvia Panteley,Thursday ,91590683
Abraham Bennet,Friday   ,233935361
Albert Ringer,Friday   ,357492149
Ann Dull,Friday   ,37433122
Anne Ringer,Friday   ,51753352
Burt Gringlesby,Friday   ,109360163
Charlene Locksley,Friday   ,97761375
Cheryl Carson,Friday   ,80473505
Dean Straight,Friday   ,176048825
Dirk Stringer,Friday   ,672023524
Heather McBadden,Friday   ,245868794
Innes del Castillo,Friday   ,231816498
Johnson White,Friday   ,91757930
Livia Karsen,Friday   ,172939429
Marjorie Green,Friday   ,99954937
Meander Smith,Friday   ,53551958
Michael O'Leary,Friday   ,142326764
Michel DeFrance,Friday   ,473980679
Morningstar Greene,Friday   ,62929145
Reginald Blotchet-Halls,Friday   ,96796982
Sheryl Hunter,Friday   ,158669557
Stearns MacFeather,Friday   ,28022436
Sylvia Panteley,Friday   ,91390801
Abraham Bennet,Saturday ,219357051
Albert Ringer,Saturday ,359055422
Ann Dull,Saturday ,37658782
Anne Ringer,Saturday ,48579238
Burt Gringlesby,Saturday ,108212069
Charlene Locksley,Saturday ,100507642
Cheryl Carson,Saturday ,69224918
Dean Straight,Saturday ,176094744
Dirk Stringer,Saturday ,724561952
Heather McBadden,Saturday ,260891531
Innes del Castillo,Saturday ,245765313
Johnson White,Saturday ,91955960
Livia Karsen,Saturday ,142421335
Marjorie Green,Saturday ,95303143
Meander Smith,Saturday ,53094398
Michael O'Leary,Saturday ,131118669
Michel DeFrance,Saturday ,480574641
Morningstar Greene,Saturday ,64598715
Reginald Blotchet-Halls,Saturday ,92451664
Sheryl Hunter,Saturday ,143802265
Stearns MacFeather,Saturday ,27623848
Sylvia Panteley,Saturday ,87097890
Abraham Bennet,Sunday   ,232328748
Albert Ringer,Sunday   ,362985487
Ann Dull,Sunday   ,34138288
Anne Ringer,Sunday   ,49050829
Burt Gringlesby,Sunday   ,112782281
Charlene Locksley,Sunday   ,93745117
Cheryl Carson,Sunday   ,69553596
Dean Straight,Sunday   ,176873006
Dirk Stringer,Sunday   ,698820601
Heather McBadden,Sunday   ,266458385
Innes del Castillo,Sunday   ,244679492
Johnson White,Sunday   ,88933984
Livia Karsen,Sunday   ,137975385
Marjorie Green,Sunday   ,104815534
Meander Smith,Sunday   ,56678280
Michael O'Leary,Sunday   ,125981635
Michel DeFrance,Sunday   ,438321489
Morningstar Greene,Sunday   ,68473054
Reginald Blotchet-Halls,Sunday   ,80496473
Sheryl Hunter,Sunday   ,148514539
Stearns MacFeather,Sunday   ,27431435
Sylvia Panteley,Sunday   ,95337213
Akiko Yokomoto,,
